component_id,dboh_id,n_in_row,component_pos,domain,population,ch2_table,strength,strength_is_inherited,text,certainty_row,weakest_certainty_row,evidence_row,prose_bundle,needs_review,question_id,reviewed_by,reviewed_on
DBOH-001-c1,DBOH-001,3,1,dental caries,prevention of dental caries in children aged up to 3 years,1a,Strong,TRUE,Breastfed babies experience less tooth decay and breastfeeding provides the best nutrition for a baby’s overall health.,low; very low,very low,"Recommendation based on WHO guidelines, taking into account benefits of exclusive breastfeeding for first 6 months on overall health , as well as low certainty evidence of a dental caries-preventive effect . Weaning advice is from UK Scientific Advisory Committee on Nutrition ( SACN ) guidelines . Some very low certainty evidence of increase in dental caries risk beyond 12 months breastfeeding, bu",FALSE,TRUE,,,
DBOH-001-c2,DBOH-001,3,2,dental caries,prevention of dental caries in children aged up to 3 years,1a,Strong,TRUE,breastfeed exclusively for around the first 6 months of a baby’s life,low; very low,very low,"Recommendation based on WHO guidelines, taking into account benefits of exclusive breastfeeding for first 6 months on overall health , as well as low certainty evidence of a dental caries-preventive effect . Weaning advice is from UK Scientific Advisory Committee on Nutrition ( SACN ) guidelines . Some very low certainty evidence of increase in dental caries risk beyond 12 months breastfeeding, bu",FALSE,TRUE,,,
DBOH-001-c3,DBOH-001,3,3,dental caries,prevention of dental caries in children aged up to 3 years,1a,Strong,TRUE,continue breastfeeding while introducing solids from around the age of 6 months,low; very low,very low,"Recommendation based on WHO guidelines, taking into account benefits of exclusive breastfeeding for first 6 months on overall health , as well as low certainty evidence of a dental caries-preventive effect . Weaning advice is from UK Scientific Advisory Committee on Nutrition ( SACN ) guidelines . Some very low certainty evidence of increase in dental caries risk beyond 12 months breastfeeding, bu",FALSE,TRUE,,,
DBOH-002-c1,DBOH-002,5,1,dental caries,prevention of dental caries in children aged up to 3 years,1a,Strong,TRUE,as soon as they erupt,moderate; very low,very low,"Recommendation based on moderate certainty evidence for toothbrushing with fluoride toothpaste and concentration of 1,000ppm fluoride and above (the evidence for toothpaste 500 to 1,000ppm fluoride is inconclusive) . Low to very low certainty evidence around initiation stage, frequency and timing . Advice to use a smear only based on possible fluorosis risk (inconclusive evidence) .",FALSE,TRUE,,,
DBOH-002-c2,DBOH-002,5,2,dental caries,prevention of dental caries in children aged up to 3 years,1a,Strong,TRUE,twice a day,moderate; very low,very low,"Recommendation based on moderate certainty evidence for toothbrushing with fluoride toothpaste and concentration of 1,000ppm fluoride and above (the evidence for toothpaste 500 to 1,000ppm fluoride is inconclusive) . Low to very low certainty evidence around initiation stage, frequency and timing . Advice to use a smear only based on possible fluorosis risk (inconclusive evidence) .",FALSE,TRUE,,,
DBOH-002-c3,DBOH-002,5,3,dental caries,prevention of dental caries in children aged up to 3 years,1a,Strong,TRUE,last thing at night (or before bedtime) and on one other occasion,moderate; very low,very low,"Recommendation based on moderate certainty evidence for toothbrushing with fluoride toothpaste and concentration of 1,000ppm fluoride and above (the evidence for toothpaste 500 to 1,000ppm fluoride is inconclusive) . Low to very low certainty evidence around initiation stage, frequency and timing . Advice to use a smear only based on possible fluorosis risk (inconclusive evidence) .",FALSE,TRUE,,,
DBOH-002-c4,DBOH-002,5,4,dental caries,prevention of dental caries in children aged up to 3 years,1a,Strong,TRUE,"with a toothpaste containing at least 1,000ppm fluoride",moderate; very low,very low,"Recommendation based on moderate certainty evidence for toothbrushing with fluoride toothpaste and concentration of 1,000ppm fluoride and above (the evidence for toothpaste 500 to 1,000ppm fluoride is inconclusive) . Low to very low certainty evidence around initiation stage, frequency and timing . Advice to use a smear only based on possible fluorosis risk (inconclusive evidence) .",FALSE,TRUE,,,
DBOH-002-c5,DBOH-002,5,5,dental caries,prevention of dental caries in children aged up to 3 years,1a,Strong,TRUE,using only a smear of toothpaste,moderate; very low,very low,"Recommendation based on moderate certainty evidence for toothbrushing with fluoride toothpaste and concentration of 1,000ppm fluoride and above (the evidence for toothpaste 500 to 1,000ppm fluoride is inconclusive) . Low to very low certainty evidence around initiation stage, frequency and timing . Advice to use a smear only based on possible fluorosis risk (inconclusive evidence) .",FALSE,TRUE,,,
DBOH-003-c1,DBOH-003,1,1,dental caries,prevention of dental caries in children aged up to 3 years,1a,Strong,FALSE,Minimise consumption of sugar-containing foods and drinks,moderate; very low,very low,"Recommendation based on moderate-certainty evidence that dental caries is lower when free-sugars intake is <10% and on very low certainty evidence that dental caries is lower when free-sugars intake is <5% energy , and in line with WHO and SCAN guidelines .",FALSE,TRUE,,,
DBOH-004-c1,DBOH-004,3,1,dental caries,prevention of dental caries in children aged up to 3 years,1a,Good practice,TRUE,"only breastmilk, infant formula or cooled boiled water should be given in a bottle",,,,FALSE,TRUE,,,
DBOH-004-c2,DBOH-004,3,2,dental caries,prevention of dental caries in children aged up to 3 years,1a,Good practice,TRUE,babies should be introduced to drinking from a free-flow cup from the age of 6 months,,,,FALSE,TRUE,,,
DBOH-004-c3,DBOH-004,3,3,dental caries,prevention of dental caries in children aged up to 3 years,1a,Good practice,TRUE,feeding from a bottle should be discouraged from the age of 1 year,,,,FALSE,TRUE,,,
DBOH-005-c1,DBOH-005,1,1,dental caries,prevention of dental caries in children aged up to 3 years,1a,Good practice,FALSE,Gradually introduce a wide variety of solid foods (of different textures and flavours) from around the age of 6 months. Sugar should not be added to food or drinks given to babies and toddlers,,,,FALSE,TRUE,,,
DBOH-006-c1,DBOH-006,1,1,dental caries,prevention of dental caries in children aged up to 3 years,1a,Good practice,FALSE,Use sugar-free versions of medicines if possible,,,,FALSE,TRUE,,,
DBOH-007-c1,DBOH-007,1,1,dental caries,prevention of dental caries in children aged up to 3 years,1a,Good practice,FALSE,Avoid sugar-containing foods and drinks at bedtime when saliva flow is reduced and buffering capacity is lost,very low,very low,Recommendation based on very low certainty evidence for increased risk of dental caries associated with bedtime consumption of food and drinks containing free sugars (in children aged 3 years and older) .,FALSE,TRUE,,,
DBOH-008-c1,DBOH-008,1,1,dental caries,prevention of dental caries in children aged up to 3 years,1a,Conditional,FALSE,Assign a recall interval ranging from 3 to 12 months based on oral health needs and disease risk,very low,very low,Recommendation based on very low certainty evidence .  Recommendation in line with NICE (CG19) .,FALSE,TRUE,,,
DBOH-009-c1,DBOH-009,6,1,dental caries,prevention of dental caries in all children aged 3 to 6 years,1b,Strong,TRUE,on all tooth surfaces,moderate; low,low,"Recommendation based on moderate certainty for toothbrushing with fluoride toothpaste , for fluoride concentration for permanent teeth (evidence around primary teeth less clear) and spitting versus rinsing . Evidence for frequency or timing is low certainty . Advice to use pea-sized amount based on possible fluorosis risk .",FALSE,TRUE,,,
DBOH-009-c2,DBOH-009,6,2,dental caries,prevention of dental caries in all children aged 3 to 6 years,1b,Strong,TRUE,at least twice a day,moderate; low,low,"Recommendation based on moderate certainty for toothbrushing with fluoride toothpaste , for fluoride concentration for permanent teeth (evidence around primary teeth less clear) and spitting versus rinsing . Evidence for frequency or timing is low certainty . Advice to use pea-sized amount based on possible fluorosis risk .",FALSE,TRUE,,,
DBOH-009-c3,DBOH-009,6,3,dental caries,prevention of dental caries in all children aged 3 to 6 years,1b,Strong,TRUE,last thing at night (or before bedtime) and on at least one other occasion,moderate; low,low,"Recommendation based on moderate certainty for toothbrushing with fluoride toothpaste , for fluoride concentration for permanent teeth (evidence around primary teeth less clear) and spitting versus rinsing . Evidence for frequency or timing is low certainty . Advice to use pea-sized amount based on possible fluorosis risk .",FALSE,TRUE,,,
DBOH-009-c4,DBOH-009,6,4,dental caries,prevention of dental caries in all children aged 3 to 6 years,1b,Strong,TRUE,"with toothpaste containing at least 1,000ppm fluoride",moderate; low,low,"Recommendation based on moderate certainty for toothbrushing with fluoride toothpaste , for fluoride concentration for permanent teeth (evidence around primary teeth less clear) and spitting versus rinsing . Evidence for frequency or timing is low certainty . Advice to use pea-sized amount based on possible fluorosis risk .",FALSE,TRUE,,,
DBOH-009-c5,DBOH-009,6,5,dental caries,prevention of dental caries in all children aged 3 to 6 years,1b,Strong,TRUE,using a pea-sized amount of the toothpaste,moderate; low,low,"Recommendation based on moderate certainty for toothbrushing with fluoride toothpaste , for fluoride concentration for permanent teeth (evidence around primary teeth less clear) and spitting versus rinsing . Evidence for frequency or timing is low certainty . Advice to use pea-sized amount based on possible fluorosis risk .",FALSE,TRUE,,,
DBOH-009-c6,DBOH-009,6,6,dental caries,prevention of dental caries in all children aged 3 to 6 years,1b,Strong,TRUE,"spitting out after brushing rather than rinsing, to avoid diluting the fluoride concentration",moderate; low,low,"Recommendation based on moderate certainty for toothbrushing with fluoride toothpaste , for fluoride concentration for permanent teeth (evidence around primary teeth less clear) and spitting versus rinsing . Evidence for frequency or timing is low certainty . Advice to use pea-sized amount based on possible fluorosis risk .",FALSE,TRUE,,,
DBOH-010-c1,DBOH-010,1,1,dental caries,prevention of dental caries in all children aged 3 to 6 years,1b,Strong,FALSE,Minimise amount and frequency of consumption of sugar-containing food and drinks,moderate; very low,very low,Recommendation based on moderate-certainty evidence that dental caries is lower when free-sugars intake is <10% and on very low certainty evidence that dental caries is lower when free-sugars intake is <5% energy and in line with WHO and SCAN guidelines .,FALSE,TRUE,,,
DBOH-011-c1,DBOH-011,1,1,dental caries,prevention of dental caries in all children aged 3 to 6 years,1b,Good practice,FALSE,Use sugar-free versions of medicines if possible,,,,FALSE,TRUE,,,
DBOH-012-c1,DBOH-012,1,1,dental caries,prevention of dental caries in all children aged 3 to 6 years,1b,Conditional,FALSE,Avoid sugar-containing foods and drinks at bedtime when saliva flow is reduced and buffering capacity is lost,very low,very low,Recommendation based on very low certainty evidence for increased risk of dental caries associated with bedtime consumption of food and drinks containing free sugars (in children aged 3 years and older) .,FALSE,TRUE,,,
DBOH-013-c1,DBOH-013,1,1,dental caries,prevention of dental caries in all children aged 3 to 6 years,1b,Strong,FALSE,Apply fluoride varnish (2.26% NaF ) to teeth 2 times a year,moderate,moderate,Recommendation based on moderate certainty evidence .,FALSE,TRUE,,,
DBOH-014-c1,DBOH-014,1,1,dental caries,prevention of dental caries in all children aged 3 to 6 years,1b,Conditional,FALSE,Assign a recall interval ranging from 3 to 12 months based on oral health needs and disease risk,very low,very low,Recommendation based on very low certainty evidence .  Recommendation in line with NICE (CG19) .,FALSE,TRUE,,,
DBOH-015-c1,DBOH-015,1,1,dental caries,children aged 0 to 6 years giving concern because of dental caries risk,1c,Strong,FALSE,"Use toothpaste containing 1,350 to 1,500ppm fluoride",moderate,moderate,"Recommendation based on moderate certainty evidence of added benefit over 1,000ppm fluoride",FALSE,TRUE,,,
DBOH-016-c1,DBOH-016,1,1,dental caries,children aged 0 to 6 years giving concern because of dental caries risk,1c,Good practice,FALSE,"For children taking medication frequently or long term, choose or request sugar-free medicines if possible",,,,FALSE,TRUE,,,
DBOH-017-c1,DBOH-017,1,1,dental caries,children aged 0 to 6 years giving concern because of dental caries risk,1c,Strong,FALSE,Apply fluoride varnish (2.26% NaF ) to teeth 2 or more times a year,moderate,moderate,Recommendation based on moderate certainty evidence .,FALSE,TRUE,,,
DBOH-018-c1,DBOH-018,1,1,dental caries,children aged 0 to 6 years giving concern because of dental caries risk,1c,Good practice,FALSE,"Where the child is prescribed medication frequently or long term, liaise with medical practitioner to request that it is sugar free",,,,FALSE,TRUE,,,
DBOH-019-c1,DBOH-019,1,1,dental caries,children aged 0 to 6 years giving concern because of dental caries risk,1c,Good practice,FALSE,Investigate diet and assist adoption of good dietary practice in line with the Eatwell Guide,,,,FALSE,TRUE,,,
DBOH-020-c1,DBOH-020,1,1,dental caries,children aged 0 to 6 years giving concern because of dental caries risk,1c,Conditional,FALSE,Assign a shortened recall interval based on dental caries risk,very low,very low,Recommendation based on very low certainty evidence .  Recommendation in line with NICE (CG19) .,FALSE,TRUE,,,
DBOH-021-c1,DBOH-021,3,1,dental caries,prevention of dental caries in all children from 7 to 18 years,1d,Strong,TRUE,last thing at night (or before bedtime) and on at least one other occasion,moderate; low,low,Recommendation based on moderate certainty evidence (timing is low certainty) .,FALSE,TRUE,,,
DBOH-021-c2,DBOH-021,3,2,dental caries,prevention of dental caries in all children from 7 to 18 years,1d,Strong,TRUE,"with toothpaste containing 1,350 to 1,500ppm fluoride",moderate; low,low,Recommendation based on moderate certainty evidence (timing is low certainty) .,FALSE,TRUE,,,
DBOH-021-c3,DBOH-021,3,3,dental caries,prevention of dental caries in all children from 7 to 18 years,1d,Strong,TRUE,"spitting out after brushing rather than rinsing with water, to avoid diluting the fluoride concentration",moderate; low,low,Recommendation based on moderate certainty evidence (timing is low certainty) .,FALSE,TRUE,,,
DBOH-022-c1,DBOH-022,1,1,dental caries,prevention of dental caries in all children from 7 to 18 years,1d,Strong,FALSE,Minimise amount and frequency of consumption of sugar-containing food and drinks,moderate; very low,very low,Recommendation based on moderate-certainty evidence that dental caries is lower when free-sugars intake is <10% and on very low certainty evidence that dental caries is lower when free-sugars intake is <5% energy and in line with WHO and SCAN guidelines .,FALSE,TRUE,,,
DBOH-023-c1,DBOH-023,1,1,dental caries,prevention of dental caries in all children from 7 to 18 years,1d,Conditional,FALSE,Avoid sugar-containing foods and drinks at bedtime when saliva flow is reduced and buffering capacity is lost,very low,very low,Recommendation based on very low certainty evidence for increased risk of dental caries associated with bedtime consumption of food and drinks containing free sugars (in children aged 3 years and older) .,FALSE,TRUE,,,
DBOH-024-c1,DBOH-024,1,1,dental caries,prevention of dental caries in all children from 7 to 18 years,1d,Strong,FALSE,Apply fluoride varnish to teeth 2 times a year (2.26% NaF ),moderate,moderate,Recommendation based on moderate certainty evidence .,FALSE,TRUE,,,
DBOH-025-c1,DBOH-025,1,1,dental caries,prevention of dental caries in all children from 7 to 18 years,1d,Conditional,FALSE,Assign a recall interval within the range of 3 to 12 months based on oral health needs and disease risk,very low,very low,Recommendation based on very low certainty evidence .  Recommendation in line with NICE (CG19) .,FALSE,TRUE,,,
DBOH-026-c1,DBOH-026,1,1,dental caries,prevention of dental caries in children from 7 years and young people up to 18 years giving concern because of dental caries risk,1e,Good practice,FALSE,Parent or carer to assist and supervise toothbrushing if required,,,,FALSE,TRUE,,,
DBOH-027-c1,DBOH-027,1,1,dental caries,prevention of dental caries in children from 7 years and young people up to 18 years giving concern because of dental caries risk,1e,Conditional,FALSE,Use a fluoride mouth rinse daily (0.05% NaF ; 230ppm fluoride) at a different time to brushing,moderate,moderate,Recommendation based on moderate certainty evidence from supervised school use in children and adolescents .,FALSE,TRUE,,,
DBOH-028-c1,DBOH-028,1,1,dental caries,prevention of dental caries in children from 7 years and young people up to 18 years giving concern because of dental caries risk,1e,Strong,FALSE,Apply resin sealant to permanent teeth on eruption,moderate,moderate,Recommendation based on moderate certainty evidence of a benefit of resin‐based sealant maintained up to at least 48 months of follow‐up in both low risk and high risk populations .,FALSE,TRUE,,,
DBOH-029-c1,DBOH-029,1,1,dental caries,prevention of dental caries in children from 7 years and young people up to 18 years giving concern because of dental caries risk,1e,Strong,FALSE,Apply fluoride varnish to teeth 2 or more times a year (2.26% NaF ),moderate,moderate,"Recommendation based on moderate certainty evidence . Most studies used 2 applications per year. For guidance: manufacturers recommend application every 6 months, or a maximum of every 3 months.",FALSE,TRUE,,,
DBOH-030-c1,DBOH-030,1,1,dental caries,prevention of dental caries in children from 7 years and young people up to 18 years giving concern because of dental caries risk,1e,Good practice,FALSE,"Where a child or young person is prescribed medication frequently or long term, liaise with medical practitioner to request that it is sugar free",,,,FALSE,TRUE,,,
DBOH-031-c1,DBOH-031,1,1,dental caries,prevention of dental caries in children from 7 years and young people up to 18 years giving concern because of dental caries risk,1e,Good practice,FALSE,Investigate diet and assist adoption of good dietary practice in line with the Eatwell Guide,,,,FALSE,TRUE,,,
DBOH-032-c1,DBOH-032,1,1,dental caries,prevention of dental caries in children from 7 years and young people up to 18 years giving concern because of dental caries risk,1e,Conditional,FALSE,"For those 8 years and above with active dental caries, consider recommending or prescribing daily fluoride mouth rinse (0.05% NaF ; 230ppm fluoride), to be used at a different time from brushing, until dental caries risk is reduced",moderate,moderate,Recommendation based on moderate certainty evidence from supervised school programmes .  Mouth rinse is available over the counter as well as on prescription.,FALSE,TRUE,,,
DBOH-033-c1,DBOH-033,1,1,dental caries,prevention of dental caries in children from 7 years and young people up to 18 years giving concern because of dental caries risk,1e,Conditional,FALSE,"For those 10 years and above with active dental caries, consider prescribing 2,800ppm fluoride toothpaste until dental caries risk is reduced",,,Recommendation based on there being no reliable evidence of superior effectiveness but some suggestion of a dose-response relationship (though it may not extend to concentrations this high) .  Recommendation in line with SDCEP 2018 .,FALSE,TRUE,,,
DBOH-034-c1,DBOH-034,1,1,dental caries,prevention of dental caries in children from 7 years and young people up to 18 years giving concern because of dental caries risk,1e,Conditional,FALSE,"For those 16 years and above with active dental caries, consider prescribing either 2,800ppm fluoride or 5,000ppm fluoride toothpaste until dental caries risk is reduced",,,"Recommendation based on there being no reliable evidence of superior effectiveness but some suggestion of a dose-response relationship (though it may not extend to concentrations this high) . 5,000ppm fluoride only been studied in root caries .",FALSE,TRUE,,,
DBOH-035-c1,DBOH-035,1,1,dental caries,prevention of dental caries in children from 7 years and young people up to 18 years giving concern because of dental caries risk,1e,Conditional,FALSE,Assign a shortened recall interval based on dental caries risk,very low,very low,Recommendation based on very low certainty evidence .  Recommendation in line with NICE (CG19) .,FALSE,TRUE,,,
DBOH-036-c1,DBOH-036,3,1,dental caries,prevention of dental caries in adults,1f,Strong,TRUE,last thing at night (or before bedtime) and on at least one other occasion,moderate; low,low,Recommendation based on moderate certainty evidence for value of toothbrushing with fluoride toothpaste . Moderate certainty from studies with children and adolescents for spitting versus rinsing . Low-certainty evidence from children and adolescents for frequency and timing . Evidence for the concentration is based on studies on immature permanent dentition in children and adolescents .,FALSE,TRUE,,,
DBOH-036-c2,DBOH-036,3,2,dental caries,prevention of dental caries in adults,1f,Strong,TRUE,"with toothpaste containing 1,350 to 1,500ppm fluoride",moderate; low,low,Recommendation based on moderate certainty evidence for value of toothbrushing with fluoride toothpaste . Moderate certainty from studies with children and adolescents for spitting versus rinsing . Low-certainty evidence from children and adolescents for frequency and timing . Evidence for the concentration is based on studies on immature permanent dentition in children and adolescents .,FALSE,TRUE,,,
DBOH-036-c3,DBOH-036,3,3,dental caries,prevention of dental caries in adults,1f,Strong,TRUE,"spitting out after brushing rather than rinsing with water, to avoid diluting the fluoride concentration",moderate; low,low,Recommendation based on moderate certainty evidence for value of toothbrushing with fluoride toothpaste . Moderate certainty from studies with children and adolescents for spitting versus rinsing . Low-certainty evidence from children and adolescents for frequency and timing . Evidence for the concentration is based on studies on immature permanent dentition in children and adolescents .,FALSE,TRUE,,,
DBOH-037-c1,DBOH-037,1,1,dental caries,prevention of dental caries in adults,1f,Strong,FALSE,Minimise the amount and frequency of consumption of sugar-containing food and drinks,moderate; very low,very low,Recommendation based on moderate-certainty evidence that dental caries is lower when free-sugars intake is <10% and on very low certainty evidence that dental caries is lower when free-sugars intake is <5% energy and in line with WHO and SCAN guidelines .,FALSE,TRUE,,,
DBOH-038-c1,DBOH-038,1,1,dental caries,prevention of dental caries in adults,1f,Conditional,FALSE,Avoid sugar-containing foods and drinks at bedtime when saliva flow is reduced and buffering capacity is lost,very low,very low,Recommendation based on very low certainty evidence for increased risk of dental caries associated with bedtime consumption of food and drinks containing free sugars (in children aged 3 years and older) .,FALSE,TRUE,,,
DBOH-039-c1,DBOH-039,1,1,dental caries,prevention of dental caries in adults,1f,Conditional,FALSE,"Assign a recall interval ranging from 3 to 24 months, based on oral health needs and disease risk",moderate,moderate,Recommendation based on moderate certainty evidence that recall interval can be varied on individual basis without negative effects for adults who regularly attend dentist . Evidence not available for ‘hard-to-reach’ adults or those with more complex presentations. Recommendation in line with NICE (CG19) .,FALSE,TRUE,,,
DBOH-040-c1,DBOH-040,1,1,dental caries,prevention of dental caries in adults giving concern because of dental caries risk,1g,Good practice,FALSE,"Support toothbrushing where required (for example carer assistance, specialised brush, non-foaming toothpaste)",,,,FALSE,TRUE,,,
DBOH-041-c1,DBOH-041,1,1,dental caries,prevention of dental caries in adults giving concern because of dental caries risk,1g,Conditional,FALSE,Use a fluoride mouth rinse daily (0.05% NaF ; 230ppm fluoride) at a different time to toothbrushing,moderate,moderate,Recommendation based on moderate certainty evidence from supervised school use in children and adolescents .,FALSE,TRUE,,,
DBOH-042-c1,DBOH-042,1,1,dental caries,prevention of dental caries in adults giving concern because of dental caries risk,1g,Strong,FALSE,Apply fluoride varnish to teeth 2 times a year (2.26% NaF ),moderate,moderate,Recommendation based on moderate certainty evidence .,FALSE,TRUE,,,
DBOH-043-c1,DBOH-043,1,1,dental caries,prevention of dental caries in adults giving concern because of dental caries risk,1g,Good practice,FALSE,"Where a patient is prescribed medication frequently or long term, liaise with medical practitioner to request that it is sugar free",,,,FALSE,TRUE,,,
DBOH-044-c1,DBOH-044,1,1,dental caries,prevention of dental caries in adults giving concern because of dental caries risk,1g,Good practice,FALSE,Investigate diet and assist adoption of good dietary practice in line with the Eatwell Guide,,,,FALSE,TRUE,,,
DBOH-045-c1,DBOH-045,1,1,dental caries,prevention of dental caries in adults giving concern because of dental caries risk,1g,Conditional,FALSE,"Assign a recall interval ranging from 3 to 24 months, based on oral health needs and disease risk",moderate,moderate,Recommendation based on moderate certainty evidence that recall interval can be varied on individual basis without negative effects for adults who regularly attend dentist . Evidence not available for ‘hard-to-reach’ adults or those with more complex presentations. Recommendation in line with NICE (CG19) .,FALSE,TRUE,,,
DBOH-046-c1,DBOH-046,1,1,dental caries,prevention of dental caries in adults giving concern because of dental caries risk,1g,Conditional,FALSE,"For those with active coronal or root caries, consider recommending or prescribing daily fluoride rinse (0.05% NaF ; 230ppm fluoride, to be used at a different time from toothbrushing) until dental caries risk is reduced",low,low,Recommendation based on low certainty evidence .,FALSE,TRUE,,,
DBOH-047-c1,DBOH-047,1,1,dental caries,prevention of dental caries in adults giving concern because of dental caries risk,1g,Conditional,FALSE,"For those with obvious active coronal or root caries, consider prescribing 2,800 or 5,000ppm fluoride toothpaste until dental caries is stabilised and risk is reduced",moderate,moderate,"Recommendation based on there being no reliable evidence of superior effectiveness but some evidence of dose-response relationship, although it may not extend to concentrations this high . Moderate-certainty evidence for effectiveness of 5,000ppm fluoride for root caries .",FALSE,TRUE,,,
DBOH-048-c1,DBOH-048,1,1,dental caries,prevention of dental caries in adults giving concern because of dental caries risk,1g,Conditional,FALSE,Assign a shortened recall interval based on dental caries risk,very low,very low,Recommendation based on very low certainty evidence .  Recommendation in line with NICE (CG19) .,FALSE,TRUE,,,
DBOH-049-c1,DBOH-049,1,1,periodontal diseases,prevention of periodontal diseases in all patients,2a,Strong,FALSE,Toothbrush type: use a manual or powered toothbrush,moderate,moderate,"Recommendation based on moderate certainty evidence that powered toothbrushes are probably more effective than manual for reducing gingival index score, but the benefit may not be clinically important . Both types of toothbrush work and are recommended . Not everyone can afford a powered toothbrush.",FALSE,TRUE,,,
DBOH-050-c1,DBOH-050,1,1,periodontal diseases,prevention of periodontal diseases in all patients,2a,Good practice,FALSE,Self-care plaque removal: remove plaque effectively using methods shown by the dental team. This will prevent gingivitis (gum bleeding or redness) and reduces the risk of periodontal disease,,,"For example, SDCEP 2014 recommends: ‘Ensure that all patients are able to perform optimal plaque removal’ .",FALSE,TRUE,,,
DBOH-051-c1,DBOH-051,1,1,periodontal diseases,prevention of periodontal diseases in all patients,2a,Good practice,FALSE,"Around orthodontic appliances and bridges, plaque control should be undertaken using the aids suggested by the orthodontic or dental team",,,,FALSE,TRUE,,,
DBOH-052-c1,DBOH-052,1,1,periodontal diseases,prevention of periodontal diseases in all patients,2a,Conditional,FALSE,"Self-care plaque removal: daily, effective plaque removal is critical to periodontal health",,,Recommendation based on indirect evidence that professional intervention alone is insufficient to prevent periodontal disease starting or deteriorating .,FALSE,TRUE,,,
DBOH-053-c1,DBOH-053,1,1,periodontal diseases,prevention of periodontal diseases in all patients,2a,Conditional,FALSE,Self-care plaque removal: brush gum line and each tooth at least twice daily (last thing at night or before bedtime and on at least one other occasion),very low,very low,Recommendation based on very low-certainty evidence that infrequent brushing is associated with periodontitis .,FALSE,TRUE,,,
DBOH-054-c1,DBOH-054,1,1,periodontal diseases,prevention of periodontal diseases in all patients,2a,Conditional,FALSE,"Toothbrush type: use a small toothbrush head, medium texture",low,low,Recommendation based on low certainty evidence of gingival lesions when hard bristle brushes were used .,FALSE,TRUE,,,
DBOH-055-c1,DBOH-055,1,1,periodontal diseases,prevention of periodontal diseases in all patients,2a,Good practice,FALSE,"Correct factors that impede effective plaque control including supra and subgingival calculus, open margins and restoration overhangs and contours, which prevent effective plaque removal",,,"For example, SDCEP 2014 recommends: ‘Ensure that local plaque retentive factors are corrected – for example, remove overhanging restorations or alter denture design’ .",FALSE,TRUE,,,
DBOH-056-c1,DBOH-056,1,1,periodontal diseases,prevention of periodontal diseases in all patients,2a,Good practice,FALSE,"For people with extensive inflammation, start with toothbrushing advice, followed by interdental plaque control",,,,FALSE,TRUE,,,
DBOH-057-c1,DBOH-057,4,1,periodontal diseases,prevention of periodontal diseases in all patients,2a,Good practice,TRUE,decide on manual or powered toothbrush,,,"For example, SDCEP 2014 recommends: ‘…Ask the patient to practise, that is, to clean his or her teeth in front of you. This provides an opportunity to correct the patient’s technique if required and ensures that the patient has really understood what he or she needs to do. Help the patient plan how to make effective plaque removal a habit…’ .",FALSE,TRUE,,,
DBOH-057-c2,DBOH-057,4,2,periodontal diseases,prevention of periodontal diseases in all patients,2a,Good practice,TRUE,demonstrate methods and types of brushes,,,"For example, SDCEP 2014 recommends: ‘…Ask the patient to practise, that is, to clean his or her teeth in front of you. This provides an opportunity to correct the patient’s technique if required and ensures that the patient has really understood what he or she needs to do. Help the patient plan how to make effective plaque removal a habit…’ .",FALSE,TRUE,,,
DBOH-057-c3,DBOH-057,4,3,periodontal diseases,prevention of periodontal diseases in all patients,2a,Good practice,TRUE,assess plaque removal abilities and confidence with brushing,,,"For example, SDCEP 2014 recommends: ‘…Ask the patient to practise, that is, to clean his or her teeth in front of you. This provides an opportunity to correct the patient’s technique if required and ensures that the patient has really understood what he or she needs to do. Help the patient plan how to make effective plaque removal a habit…’ .",FALSE,TRUE,,,
DBOH-057-c4,DBOH-057,4,4,periodontal diseases,prevention of periodontal diseases in all patients,2a,Good practice,TRUE,patient sets SMART goals (see chapter 3) for toothbrushing for next visit,,,"For example, SDCEP 2014 recommends: ‘…Ask the patient to practise, that is, to clean his or her teeth in front of you. This provides an opportunity to correct the patient’s technique if required and ensures that the patient has really understood what he or she needs to do. Help the patient plan how to make effective plaque removal a habit…’ .",FALSE,TRUE,,,
DBOH-058-c1,DBOH-058,1,1,periodontal diseases,prevention of periodontal diseases in all patients,2a,Conditional,FALSE,Advise best methods of plaque removal to prevent gingivitis and achieve lowest risk of periodontitis and tooth loss,very low,very low,Recommendation based on very low certainty evidence for one-to-one oral hygiene advice reducing gingivitis and plaque .,FALSE,TRUE,,,
DBOH-059-c1,DBOH-059,1,1,periodontal diseases,prevention of periodontal diseases in all patients,2a,Conditional,FALSE,Use behaviour change methods with oral hygiene instruction,low,low,"Recommendation based on low certainty evidence that goal setting, self‐monitoring and planning improve oral hygiene‐related behaviour .",FALSE,TRUE,,,
DBOH-060-c1,DBOH-060,3,1,periodontal diseases,prevention of periodontal diseases in all adults (and young people aged 12 to 17 years with evidence of periodontal disease),2b,Conditional,TRUE,clean daily between the teeth to below the gum line before toothbrushing,low,low,"Recommendation based on low certainty evidence for an added benefit from flossing, though it is unclear if this benefit is clinically important ; EFP recommends floss only where gaps are too small for interdental brushes .  Low certainty evidence that use of interdental brushes is beneficial and that they are more effective than floss, but again the clinical importance of the difference is uncerta",FALSE,TRUE,,,
DBOH-060-c2,DBOH-060,3,2,periodontal diseases,prevention of periodontal diseases in all adults (and young people aged 12 to 17 years with evidence of periodontal disease),2b,Conditional,TRUE,"where there is space for an interdental or single-tufted brush, this should be used",low,low,"Recommendation based on low certainty evidence for an added benefit from flossing, though it is unclear if this benefit is clinically important ; EFP recommends floss only where gaps are too small for interdental brushes .  Low certainty evidence that use of interdental brushes is beneficial and that they are more effective than floss, but again the clinical importance of the difference is uncerta",FALSE,TRUE,,,
DBOH-060-c3,DBOH-060,3,3,periodontal diseases,prevention of periodontal diseases in all adults (and young people aged 12 to 17 years with evidence of periodontal disease),2b,Conditional,TRUE,"for small spaces between teeth, use dental floss or tape",low,low,"Recommendation based on low certainty evidence for an added benefit from flossing, though it is unclear if this benefit is clinically important ; EFP recommends floss only where gaps are too small for interdental brushes .  Low certainty evidence that use of interdental brushes is beneficial and that they are more effective than floss, but again the clinical importance of the difference is uncerta",FALSE,TRUE,,,
DBOH-061-c1,DBOH-061,4,1,periodontal diseases,prevention of periodontal diseases in all adults (and young people aged 12 to 17 years with evidence of periodontal disease),2b,Good practice,TRUE,decide on appropriate interdental aids,,,"For example, SDCEP 2014 recommends: ‘Demonstrate, in the patient’s mouth while he or she holds a mirror, how to systematically clean each tooth using a toothbrush (manual or rechargeable powered) as well as how to use floss and/or interdental brushes…’ .",FALSE,TRUE,,,
DBOH-061-c2,DBOH-061,4,2,periodontal diseases,prevention of periodontal diseases in all adults (and young people aged 12 to 17 years with evidence of periodontal disease),2b,Good practice,TRUE,demonstrate methods and types of aids,,,"For example, SDCEP 2014 recommends: ‘Demonstrate, in the patient’s mouth while he or she holds a mirror, how to systematically clean each tooth using a toothbrush (manual or rechargeable powered) as well as how to use floss and/or interdental brushes…’ .",FALSE,TRUE,,,
DBOH-061-c3,DBOH-061,4,3,periodontal diseases,prevention of periodontal diseases in all adults (and young people aged 12 to 17 years with evidence of periodontal disease),2b,Good practice,TRUE,assess plaque removal abilities and confidence with aids,,,"For example, SDCEP 2014 recommends: ‘Demonstrate, in the patient’s mouth while he or she holds a mirror, how to systematically clean each tooth using a toothbrush (manual or rechargeable powered) as well as how to use floss and/or interdental brushes…’ .",FALSE,TRUE,,,
DBOH-061-c4,DBOH-061,4,4,periodontal diseases,prevention of periodontal diseases in all adults (and young people aged 12 to 17 years with evidence of periodontal disease),2b,Good practice,TRUE,patient sets SMART goals (see chapter 3) for interdental plaque control,,,"For example, SDCEP 2014 recommends: ‘Demonstrate, in the patient’s mouth while he or she holds a mirror, how to systematically clean each tooth using a toothbrush (manual or rechargeable powered) as well as how to use floss and/or interdental brushes…’ .",FALSE,TRUE,,,
DBOH-062-c1,DBOH-062,1,1,periodontal diseases,prevention of peri-implantitis in all adults with dental implants,2c,Good practice,FALSE,Dental implants require the same level of oral hygiene and maintenance as natural teeth,,,"For example, SDCEP 2014 recommends: ‘…Patients with a single implanted crown can be encouraged to treat the implant as they would their natural dentition and to clean it with a toothbrush, interdental brushes and implant floss…’ .",FALSE,TRUE,,,
DBOH-063-c1,DBOH-063,1,1,periodontal diseases,prevention of peri-implantitis in all adults with dental implants,2c,Conditional,FALSE,Clean around and between implants carefully with interdental aids and toothbrushes,very low,very low,"Recommendation based on very low certainty evidence of benefit of manual and powered toothbrushes, dental floss and interdental brushes .",FALSE,TRUE,,,
DBOH-064-c1,DBOH-064,1,1,periodontal diseases,prevention of peri-implantitis in all adults with dental implants,2c,Conditional,FALSE,Attend for regular checks of the health of gum and bone around implants,low,low,"Recommendation based on low certainty evidence of supportive periodontal therapy improving implant success rate, and preventing peri‐implantitis in healthy people with one or more implants .",FALSE,TRUE,,,
DBOH-065-c1,DBOH-065,1,1,periodontal diseases,prevention of peri-implantitis in all adults with dental implants,2c,Good practice,FALSE,"Advise best methods for self-care plaque control, both toothbrushing and interdental cleaning",,,"For example, SDCEP 2014 recommends: ‘Patients with an implant-supported bridge or denture may require training in the use of interdental brushes and implant floss…’ .",FALSE,TRUE,,,
DBOH-066-c1,DBOH-066,3,1,periodontal diseases,control of specific risks for periodontitis,2d,Strong,TRUE,ask patients if they smoke and record smoking status,moderate,moderate,Recommendation: moderate certainty evidence that interventions for smoking cessation improve periodontal health .,FALSE,TRUE,,,
DBOH-066-c2,DBOH-066,3,2,periodontal diseases,control of specific risks for periodontitis,2d,Strong,TRUE,advise on the most effective way of quitting,moderate,moderate,Recommendation: moderate certainty evidence that interventions for smoking cessation improve periodontal health .,FALSE,TRUE,,,
DBOH-066-c3,DBOH-066,3,3,periodontal diseases,control of specific risks for periodontitis,2d,Strong,TRUE,"act on patient response, such as refer to local stop smoking support (see tables 3a and 3b below for more detail)",moderate,moderate,Recommendation: moderate certainty evidence that interventions for smoking cessation improve periodontal health .,FALSE,TRUE,,,
DBOH-067-c1,DBOH-067,2,1,periodontal diseases,control of specific risks for periodontitis,2d,Conditional,TRUE,at greater risk of developing serious periodontitis,low; moderate,low,Recommendation based on low certainty evidence that poorly controlled diabetes substantially increases the risk or progression of periodontitis . Moderate certainty evidence found that diabetic control improved periodontal health . Moderate-certainty evidence found that periodontal treatment improved diabetic control .,FALSE,TRUE,,,
DBOH-067-c2,DBOH-067,2,2,periodontal diseases,control of specific risks for periodontitis,2d,Conditional,TRUE,less likely to benefit from periodontal treatment if the diabetes is not well controlled,low; moderate,low,Recommendation based on low certainty evidence that poorly controlled diabetes substantially increases the risk or progression of periodontitis . Moderate certainty evidence found that diabetic control improved periodontal health . Moderate-certainty evidence found that periodontal treatment improved diabetic control .,FALSE,TRUE,,,
DBOH-068-c1,DBOH-068,3,1,periodontal diseases,control of specific risks for periodontitis,2d,Good practice,TRUE,explain risk related to diabetic control,,,"For example, Siddiqi 2019 found almost three-quarters of diabetic patients were unaware of the link between diabetes and periodontal health .",FALSE,TRUE,,,
DBOH-068-c2,DBOH-068,3,2,periodontal diseases,control of specific risks for periodontitis,2d,Good practice,TRUE,ask about HbA1c (glycated haemoglobin) levels,,,"For example, Siddiqi 2019 found almost three-quarters of diabetic patients were unaware of the link between diabetes and periodontal health .",FALSE,TRUE,,,
DBOH-068-c3,DBOH-068,3,3,periodontal diseases,control of specific risks for periodontitis,2d,Good practice,TRUE,assess and discuss clinical management (see chapter 5),,,"For example, Siddiqi 2019 found almost three-quarters of diabetic patients were unaware of the link between diabetes and periodontal health .",FALSE,TRUE,,,
DBOH-069-c1,DBOH-069,1,1,periodontal diseases,control of specific risks for periodontitis,2d,Refer to British National Formulary,FALSE,Some medications can affect gingival health,,,,FALSE,TRUE,,,
DBOH-070-c1,DBOH-070,2,1,periodontal diseases,control of specific risks for periodontitis,2d,Good practice,TRUE,explain oral health findings and risk related to medication,,,"For example, SDCEP 2014 has this advice for doctors: ‘Certain types of medication can lead to gingival enlargement in some patients. These include the calcium channel blockers, phenytoin and ciclosporin. Good oral hygiene can minimise the risk of gingival enlargement in these patients. However, in severe cases, the patient’s dentist may contact you to discuss modification of the drug regimen’ .",FALSE,TRUE,,,
DBOH-070-c2,DBOH-070,2,2,periodontal diseases,control of specific risks for periodontitis,2d,Good practice,TRUE,assess and discuss clinical management (see chapter 5),,,"For example, SDCEP 2014 has this advice for doctors: ‘Certain types of medication can lead to gingival enlargement in some patients. These include the calcium channel blockers, phenytoin and ciclosporin. Good oral hygiene can minimise the risk of gingival enlargement in these patients. However, in severe cases, the patient’s dentist may contact you to discuss modification of the drug regimen’ .",FALSE,TRUE,,,
DBOH-071-c1,DBOH-071,1,1,oral cancer,tobacco use in all adults and young people,3a,Strong,FALSE,"At every opportunity, ask patients if they smoke and record smoking status (smoker, ex-smoker, never smoker)",,,"No specific evidence regarding asking about smoking; however, it is an integral part of the Ask, Advise, Act pathway.",FALSE,TRUE,,,
DBOH-072-c1,DBOH-072,1,1,oral cancer,tobacco use in all adults and young people,3a,Strong,FALSE,"Explain that a combination of behavioural support and the medication varenicline, or short-acting with long-acting Nicotine Replacement Therapy, are likely to be most effective.",moderate,moderate,"Moderate certainty evidence from multiple systematic reviews , benefits considered to outweigh harms (adverse events for these interventions are mild and would not mitigate their use, although concerns been raised that varenicline may slightly increase cardiovascular events in people already at increased risk of those illnesses).",FALSE,TRUE,,,
DBOH-073-c1,DBOH-073,1,1,oral cancer,tobacco use in all adults and young people,3a,Strong,FALSE,"refer people who want to stop smoking to local stop smoking support , preferably where behavioural support and prescribed stop smoking medicines are available.",moderate,moderate,Moderate certainty evidence. NICE guidance supports this recommendation as ‘evidence and expert opinion showed that support provided by these services is clinically effective and highly cost-effective in helping people to stop smoking’ .,FALSE,TRUE,,,
DBOH-074-c1,DBOH-074,1,1,oral cancer,tobacco use in all adults and young people,3a,Conditional,FALSE,Acknowledge that e-cigarettes may be helpful for some smokers for quitting or reducing smoking.,low,low,Recommendation based on low certainty evidence from one systematic review; insufficient evidence to demonstrate the long-term effects .,TRUE,TRUE,,,
DBOH-075-c1,DBOH-075,1,1,oral cancer,Smokeless tobacco use in all adults and young people,3b,Strong,FALSE,"Ask patients if they use smokeless tobacco, using the names that the various products are known by locally. It may be helpful to show a picture of what the products look like (see chapter 11, figure 1).",moderate,moderate,Recommendation: moderate certainty evidence evaluating tobacco cessation in dental settings and the effectiveness of brief opportunistic smoking cessation interventions . Guidance on showing pictures of what products look like presented in NICE guidance .,FALSE,TRUE,,,
DBOH-076-c1,DBOH-076,1,1,oral cancer,Smokeless tobacco use in all adults and young people,3b,Strong,FALSE,"If someone uses smokeless tobacco, ensure they are aware of the health risks and provide very brief advice.",moderate,moderate,Moderate certainty evidence underpinning this NICE guidance statement .,FALSE,TRUE,,,
DBOH-077-c1,DBOH-077,1,1,oral cancer,Smokeless tobacco use in all adults and young people,3b,Strong,FALSE,Refer patients who want to quit to specialist support services.,moderate,moderate,Based on moderate certainty evidence ‘that support provided by these services is clinically effective and highly cost-effective in helping people to stop smoking’ .,FALSE,TRUE,,,
DBOH-078-c1,DBOH-078,1,1,oral cancer,alcohol use in all adults and young people,3c,Strong,FALSE,Use the AUDIT-C tool (or similar) to assess a patient’s level of risk of alcohol harm by completing 3 consumption questions.,moderate,moderate,Recommendation based on moderate certainty evidence from a systematic review showed that brief interventions can reduce alcohol consumption in those drinking hazardous or harmful amounts of alcohol when compared to minimal or no interventions .,FALSE,TRUE,,,
DBOH-079-c1,DBOH-079,2,1,oral cancer,alcohol use in all adults and young people,3c,Strong,TRUE,"If AUDIT C score is 4 or below, give positive feedback and encourage your patient to keep their drinking at lower risk levels.",,,,FALSE,TRUE,,,
DBOH-079-c2,DBOH-079,2,2,oral cancer,alcohol use in all adults and young people,3c,Strong,TRUE,"If score is 5 to 10, give brief advice to encourage a reduction in alcohol consumption and reduce the risk of alcohol harm.",,,,FALSE,TRUE,,,
DBOH-080-c1,DBOH-080,5,1,oral cancer,alcohol use in all adults and young people,3c,Strong,TRUE,"Feed back to the patient that their level of drinking is putting them at risk of developing a range of health problems (including cancers of the mouth, throat and breast) and this increases the more you drink and the more frequently you drink.",,,,FALSE,TRUE,,,
DBOH-080-c2,DBOH-080,5,2,oral cancer,alcohol use in all adults and young people,3c,Strong,TRUE,"to keep health risks from alcohol to a low level, it is safest not to drink more than 14 units a week on a regular basis",,,,FALSE,TRUE,,,
DBOH-080-c3,DBOH-080,5,3,oral cancer,alcohol use in all adults and young people,3c,Strong,TRUE,"if you regularly drink as much as 14 units per week, it’s best to spread your drinking evenly over 3 or more days",,,,FALSE,TRUE,,,
DBOH-080-c4,DBOH-080,5,4,oral cancer,alcohol use in all adults and young people,3c,Strong,TRUE,"if you wish to cut down the amount you drink, a good way to help achieve this is to have several drink-free days a week",,,,FALSE,TRUE,,,
DBOH-080-c5,DBOH-080,5,5,oral cancer,alcohol use in all adults and young people,3c,Strong,TRUE,Give a leaflet,,,,FALSE,TRUE,,,
DBOH-081-c1,DBOH-081,1,1,oral cancer,alcohol use in all adults and young people,3c,Good practice,FALSE,"For those who are pregnant or think they could become pregnant, the safest approach is not to drink alcohol at all, to remove the risk of alcohol-related harm to the baby.",,,"A well conducted systematic review highlights the paucity of evidence evaluating light drinking in pregnancy compared with abstinence .  Based on this research, the CMO’s guidance supports a ‘precautionary’ approach .",TRUE,TRUE,,,
DBOH-082-c1,DBOH-082,1,1,oral cancer,alcohol use in all adults and young people,3c,Good practice,FALSE,"AUDIT-C score of 11 or above, refer to GP or community specialist alcohol service.",,,,FALSE,TRUE,,,
DBOH-083-c1,DBOH-083,1,1,oral cancer,diet,3d,Good practice,FALSE,Promote increased consumption of non-starchy vegetables and fruit,low,low,"Most of the evidence underpinning recommendations concerning diet and cancer prevention comes from observational studies and laboratory or animal studies and is considered low certainty. The findings regarding increased fruit and vegetable consumption are, however, fairly consistent. A high-quality systematic review provides low certainty evidence that increasing fruit and vegetable intake reduces",FALSE,TRUE,,,
DBOH-084-c1,DBOH-084,1,1,oral cancer,early detection,3e,Strong,FALSE,"It’s not recommended to use vital staining, oral cytology or light‐based detection and/or oral spectroscopy for evaluating lesions for malignancy.",moderate,moderate,"Recommendation based on moderate certainty evidence from a well conducted systematic review of diagnostic accuracy of index tests for the detection of oral cancer and potentially malignant disorders of the lip and oral cavity, in patients presenting with clinically evident lesions .",TRUE,TRUE,,,
DBOH-085-c1,DBOH-085,1,1,oral cancer,early detection,3e,Good practice,FALSE,"Obtain an updated medical, social and dental history and perform an intraoral and extraoral visual and tactile examination for all patients at each oral health assessment visit.",,,,FALSE,TRUE,,,
DBOH-086-c1,DBOH-086,7,1,oral cancer,early detection,3e,Good practice,TRUE,an unexplained ulceration in the oral cavity lasting for more than 3 weeks,,,NICE guidance found no evidence with regard to the positive predictive values of different symptoms of oral cancer in primary care . The benefits of rapid referrals need balancing against the harms of over-referral .,FALSE,TRUE,,,
DBOH-086-c2,DBOH-086,7,2,oral cancer,early detection,3e,Good practice,TRUE,a persistent and unexplained lump in the neck,,,NICE guidance found no evidence with regard to the positive predictive values of different symptoms of oral cancer in primary care . The benefits of rapid referrals need balancing against the harms of over-referral .,FALSE,TRUE,,,
DBOH-086-c3,DBOH-086,7,3,oral cancer,early detection,3e,Good practice,TRUE,a lump on the lip (inner or outer) or in the oral cavity consistent with oral cancer,,,NICE guidance found no evidence with regard to the positive predictive values of different symptoms of oral cancer in primary care . The benefits of rapid referrals need balancing against the harms of over-referral .,FALSE,TRUE,,,
DBOH-086-c4,DBOH-086,7,4,oral cancer,early detection,3e,Good practice,TRUE,a red patch in the oral cavity consistent with erythroplakia,,,NICE guidance found no evidence with regard to the positive predictive values of different symptoms of oral cancer in primary care . The benefits of rapid referrals need balancing against the harms of over-referral .,FALSE,TRUE,,,
DBOH-086-c5,DBOH-086,7,5,oral cancer,early detection,3e,Good practice,TRUE,a red and white patch in the oral cavity consistent with erythroleukoplakia,,,NICE guidance found no evidence with regard to the positive predictive values of different symptoms of oral cancer in primary care . The benefits of rapid referrals need balancing against the harms of over-referral .,FALSE,TRUE,,,
DBOH-086-c6,DBOH-086,7,6,oral cancer,early detection,3e,Good practice,TRUE,persistent unexplained hoarseness,,,NICE guidance found no evidence with regard to the positive predictive values of different symptoms of oral cancer in primary care . The benefits of rapid referrals need balancing against the harms of over-referral .,FALSE,TRUE,,,
DBOH-086-c7,DBOH-086,7,7,oral cancer,early detection,3e,Good practice,TRUE,persistent pain in the throat or pain on swallowing lasting for more than 3 weeks,,,NICE guidance found no evidence with regard to the positive predictive values of different symptoms of oral cancer in primary care . The benefits of rapid referrals need balancing against the harms of over-referral .,FALSE,TRUE,,,
DBOH-087-c1,DBOH-087,4,1,tooth wear,prevention of tooth wear in all patients,4a,Good practice,TRUE,Maintain standard oral hygiene practices as detailed in table 2.,,,for preventing tooth wear  Strong recommendation for preventing dental caries and conditional for periodontal disease.,FALSE,TRUE,,,
DBOH-087-c2,DBOH-087,4,2,tooth wear,prevention of tooth wear in all patients,4a,Good practice,TRUE,last thing at night (or before bedtime) and at least on one other occasion,,,for preventing tooth wear  Strong recommendation for preventing dental caries and conditional for periodontal disease.,FALSE,TRUE,,,
DBOH-087-c3,DBOH-087,4,3,tooth wear,prevention of tooth wear in all patients,4a,Good practice,TRUE,with toothpaste containing fluoride (appropriate to age – see dental caries table),,,for preventing tooth wear  Strong recommendation for preventing dental caries and conditional for periodontal disease.,FALSE,TRUE,,,
DBOH-087-c4,DBOH-087,4,4,tooth wear,prevention of tooth wear in all patients,4a,Good practice,TRUE,"spitting out after brushing, rather than rinsing with water, to avoid diluting the fluoride concentration",,,for preventing tooth wear  Strong recommendation for preventing dental caries and conditional for periodontal disease.,FALSE,TRUE,,,
DBOH-088-c1,DBOH-088,1,1,tooth wear,prevention of tooth wear in all patients,4a,Good practice,FALSE,Maintain good dietary practice in line with the Eatwell Guide including avoiding or minimising sugar sweetened drinks (especially carbonated) and fruit juice and/or smoothies (limited to 150ml per day).,,,,FALSE,TRUE,,,
DBOH-089-c1,DBOH-089,1,1,tooth wear,prevention of tooth wear in all patients,4a,Good practice,FALSE,Assess tooth wear using a validated tool (for example Basic Erosive Wear Examination (BEWE)) at the start of any new course of treatment.,,,,FALSE,TRUE,,,
DBOH-090-c1,DBOH-090,1,1,tooth wear,prevention of tooth wear in patients at higher risk (those with accelerated tooth wear),4b,Good practice,FALSE,"Identify possible sources of risk: intrinsic, extrinsic and mechanical (see chapter 7).",,,"For example, guidance on tooth wear diagnosis by Royal College of Surgeons .",FALSE,TRUE,,,
DBOH-091-c1,DBOH-091,1,1,tooth wear,prevention of tooth wear in patients at higher risk (those with accelerated tooth wear),4b,Good practice,FALSE,Support patient in risk reduction and management.,,,"For example, guidance on tooth wear prevention and management by Royal College of Surgeons .",FALSE,TRUE,,,
