chapter_file,sec_id,title,certainty,directness,defensible,trigger,eligible_designs,critical_outcome,min_followup,decision_threshold,triage_matters,triage_uncertain,triage_evidence_coming,surveillance_mode,last_checked
parts/02-caries/05-brush-twice-daily.qmd,sec-twice-daily,Brush twice daily,"Low, for the frequency component specifically. Pooled observational data with self-reported exposure; no grounds to upgrade on magnitude, dose-response or confounding direction, and a defensible case for very low that I have not taken. This agrees with DBOH's own rating.","Poor for the cited evidence, better for the uncited evidence. SIGN 138's meta-regression is indirect on comparison and on level of inference: it compares trials, not people. Kumar 2016 asks the recommendation's question with the right outcome, and remains observational, so it speaks to association rather than to the effect of assigning a second daily brushing. It is not cited by DBOH. One qualification on population, since the recommendation quoted at the top of this chapter is the adult one. All but eight of Kumar's 33 included studies are in infants or children. So the uncited evidence repairs the directness problem on question and outcome while leaving the child-to-adult mismatch that DBOH itself flags for frequency. Al-Sharani 2025, being confined to children under six, does not help with that either.","Not on the published reasoning. Using the categories from [sec-certainty-strength], this looks like one that ""should have been Conditional"": the certainty is low, the cited evidence does not address the component, and no rationale for a discordant Strong recommendation is given. Two caveats, per [sec-method]. I have not run an evidence-to-decision assessment, so I cannot rule out that a panel weighing values, burden and resources would still land on Strong; a case could be made, since the burden is small and widely accepted. And DBOH does not say which component set the strength for this row, so ""the frequency is riding on the fluoride toothpaste"" is my inference from the certainty ratings, not the guideline's statement.","A trial randomizing participants to brush once versus twice daily, holding toothpaste, technique and supervision constant, with caries increment or tooth pain at two years or more. Failing that, a cohort study with objectively measured brushing frequency rather than self-report, adjusted for socioeconomic position and dental attendance, showing a monotone gradient across three or more frequency categories. If either exists and I have missed it, I will correct this chapter.",,,,,,,,,
parts/02-caries/06-last-thing-at-night.qmd,sec-last-thing,Brush last thing at night,"Very low. A single conference abstract reporting a surrogate outcome, with no full report available to appraise, supporting a mechanism rather than the recommendation. DBOH's own rating for this component is low to very low, and I agree with the lower end.","Very poor. The cited study did not vary the timing of brushing, which is the only thing the advice is about. It compared two toothpaste bases, in twelve adults, measuring salivary fluoride.","Not on the published reasoning. The recommendation is supported by plausible physiology and by one indirect measurement, with no study of the comparison it asserts. On DBOH's own definitions that is the profile of a Good practice point: advice resting on extrapolation from related research and on clinical consensus. SIGN 138 classified it exactly that way, in its own notation, before DBOH bundled it into a Strong recommendation. Two qualifications. Calling it a good practice point is not the same as saying the evidence is unrateable; I have rated it very low above, and both statements can stand because DBOH's category is defined by the kind of evidence available, not by the impossibility of grading it. And as everywhere in this book, I have not run a full evidence-to-decision assessment ([sec-method]), so this is a judgment about the published justification, not a claim that no panel could reach Strong.","A randomized trial allocating people to brush last thing at night versus ninety minutes to two hours earlier, everything else held constant, with caries increment or self-reported tooth pain at two years or more. A cross-over with an intermediate outcome would not do it; the point of this chapter is that intermediate outcomes have already been measured and cannot settle it. Even a well-conducted prospective cohort with objectively recorded brushing times would move me from very low to low.",,,,,,,,,
parts/02-caries/07-spit-dont-rinse.qmd,sec-spit,"Spit, don't rinse","Low. One randomized trial at high risk of bias which tested a four-part bundle rather than rinsing alone, plus one non-randomized within-trial analysis with post-hoc regrouping. This is one rating below DBOH's stated moderate, and I cannot reconstruct how moderate was reached. In the blog version I said ""very low."" I have moved up, not down: there is a randomized trial here with a caries outcome pointing in the right direction, which is more than either of the two preceding chapters can say.","Poor on intervention, and narrower on population than I first said. The Swedish trial has a patient-relevant outcome and a three-year follow-up. Its intervention is a four-part bundle of which not rinsing is one part, so the effect cannot be attributed to the advice as worded: that is indirectness on the intervention, and it is the decisive one here. On population, the trial enrolled four-year-olds. The recommendation quoted at the top of this chapter comes from tables 1d and 1f, which cover children aged 7 to 18 and adults. So the population matches DBOH's table 1b and is extrapolated for the rest, which is the same child-to-adult step DBOH itself flags for the other brushing components. The Scottish analysis matches the question reasonably well on population and outcome; its problem is uncontrolled confounding and a data-driven grouping, which are risk of bias, not indirectness. I had these filed under the wrong heading in an earlier draft.","Arguably yes, unlike the previous two chapters. This is the best candidate in the brushing bundle for a legitimate discordant recommendation: the burden is close to zero, no harm has been identified, the mechanism is clear and consistent with the salivary fluoride studies, and the one randomized trial points the right way. A Strong recommendation on low-certainty evidence is defensible here on those grounds, subject to the same caveat as everywhere in this book that I have not run a full evidence-to-decision assessment. What is not defensible is stating the certainty as moderate without showing how.","A trial randomizing people to rinse or not rinse after brushing, with everything else identical, and caries measured at two years or more. That is a cheap, ethical, entirely feasible trial that these searches did not find in thirty years of literature. Alternatively, publication of the reasoning behind DBOH's moderate rating would settle whether I have simply missed something the panel saw.",,,,,,,,,
parts/02-caries/08-how-much-fluoride.qmd,sec-ppm,How much fluoride should be in your toothpaste?,"For ""use fluoride toothpaste"": high against no fluoride at 1,000 to 1,250ppm, from 55 randomized trials, consistent, precise and direct; moderate for the same comparison at 1,450 to 1,500ppm, from four. For ""use 1,350 to 1,500ppm rather than 1,000ppm"": moderate, for a small effect (SMD −0.08, 95% CI −0.14 to −0.01), and from children and adolescents rather than adults.","Excellent for children and adolescents, indirect for adults. The review's question is the recommendation's question: right comparison, right outcome, randomized, followed for at least a year. But the adult recommendation names the 1,350 to 1,500ppm band, and the only adult evidence in this review is 1,000 or 1,100ppm against no fluoride (MD −0.53 DMFS, 95% CI −1.02 to −0.04, 3 studies). The band itself is evidenced in immature permanent dentition in children and adolescents, and DBOH says so: ""Evidence for the concentration is based on studies on immature permanent dentition in children and adolescents."" The other indirectness worth noting is the age of the evidence: the newest included trial is from 2014, and background fluoride exposure has changed.","Yes for the first claim, and emphatically so. This is what a Strong recommendation should rest on, and I would defend it against anyone. Arguable for the second. An effect of SMD −0.08 whose interval reaches −0.01 is thin ground for a Strong recommendation to buy one product rather than another. Conditional would fit it better. But because the two claims share a bullet, no reader can tell that they are differently supported.","For the first claim, essentially nothing short of a large contrary trial, and I do not expect one. For the second, an updated review including trials published since 2014, or any head-to-head trial of 1,450ppm against 1,000ppm powered for a patient-important outcome rather than a surface count, would move the estimate either way. I would also revise this if someone showed that the SMD back-transformation above is misleading in a direction I have not accounted for.",,,,,,,,,
parts/02-caries/09-how-much-toothpaste.qmd,sec-amount,"How much toothpaste, and does fluorosis matter?","No estimate at all for the quantity of toothpaste as a caries-relevant decision. I am deliberately not writing ""very low"" here: a certainty rating is a property of an effect estimate, and rating an unasked question would be the same category error this book opens with ([sec-certainty-strength]). Nothing I found has randomized the amount of paste against caries. For the fluorosis side, very low and inconclusive, on the 2024 update rather than the 2010 review the guideline cites: OR 0.77 (0.41 to 1.46) and OR 0.92 (0.66 to 1.28) for less versus more paste [@wong2024]. The guideline's own word for its version of this evidence is inconclusive, and that word survives the update.","Poor, and in an unusual way. The evidence concerns fluorosis; the recommendation sits inside a caries-prevention bundle. It is not that the evidence fails to match the advice, but that the advice has quietly changed outcome without saying so.",Not as it stands. On DBOH's own categories this looks like a Good practice point: a sensible precaution resting on clinical consensus and inconclusive research. It may well be the right precaution. Putting it under the same Strong label as five caries bullets stops a reader of the summary table from seeing that these components rest on different certainty and on different benefit-harm reasoning.,"A trial randomizing smear against pea against a full brush-length in young children, measuring both caries increment and fluorosis at age eight. That trial has ethical complications but is not impossible; Wong and colleagues argue that new randomized trials of fluorosis are unethical and that further evidence will have to come from observational work, which if right means this question stays open indefinitely. Failing that: publication of the trade-off reasoning the panel actually used, and a guideline that cites the 2024 review rather than the 2010 one.",,,,,,,,,
parts/02-caries/10-fluoride-varnish.qmd,sec-varnish,Fluoride varnish twice a year,"Moderate that fluoride varnish substantially reduces caries increment in children and adolescents. I agree with DBOH's rating. The effect is large and consistent in direction across 22 trials, and downgraded for risk of bias and heterogeneity rather than for anything about relevance. Separately, for the ""2 times a year"" schedule: low. Frequency has been randomized, in at least two included trials, and one of them found a dose-response on applications actually received. What the review does not provide is a pooled direct estimate of once against twice, because it combined active arms. So the schedule is not unevidenced, as I first wrote; it is imprecisely evidenced.","Good on the intervention, poor on the schedule, and aging. Right population, right comparator, caries measured directly over years. But the newest trial is from 2012, in a population with different background fluoride exposure from today's, and nothing in the review tests the recommended frequency.","Yes for applying varnish. This is the second-best-supported recommendation in the book after fluoride toothpaste, and a Strong label is right. Arguable for ""2 times a year"" as a specific number. DBOH reports openly that most included studies used two applications a year, and separately cites manufacturer guidance; it does not claim the number came from a head-to-head comparison. Twice a year is the schedule the evidence was generated under and the one a randomized trial found better than once. What has not been shown is that it is optimal, and a reader would be better served if the recommendation said which of those two things it meant.","An updated review including post-2012 trials, which would either confirm the effect in a modern fluoride-exposed population or show it shrinking, as happened with water fluoridation. And an analysis extracting the arm-level frequency contrasts that already sit inside Sköld and Weintraub, which would turn ""twice is what was studied"" into an estimate of how much twice beats once.",,,,,,,,,
parts/02-caries/11-fissure-sealants.qmd,sec-sealants,Fissure sealants,"Moderate that resin-based sealants substantially reduce caries in first permanent molars, sustained to at least 48 months. I agree with DBOH. Very low for glass ionomer and for any comparison between sealant materials.","Good on population and outcome, questionable on era. Right children, right teeth, caries measured over years. But five of the seven trials behind the headline estimate are from the 1970s, in a pre-fluoride-toothpaste population, and background fluoride exposure was rarely recorded. DBOH's claim that the benefit holds ""in both low risk and high risk populations"" turns out to be better supported than I first credited, and not only by the arithmetic projection from the pooled odds ratio. The review reports the two modern trials directly: in Liu 2012, carious first molars were found in 7.4% of the sealant group against 17% of the placebo group; in Liu 2014b, 3% against 15%. Both are Chinese cohorts in a country the review classifies as very low caries (DMFT under 1.2 at age 12), against control incidences of 37% to 69% in the five 1976 to 1979 split-mouth trials. The effect survives into a modern low-caries setting; the absolute benefit is much smaller, exactly as you would expect.","Yes. The effect is large enough to survive its caveats, and the recommendation is correctly aimed at children at higher risk, where the absolute benefit is greatest. Of everything in Part II, this and fluoride toothpaste are the two I would defend most confidently. The improvement I would want is transparency about the age of the evidence, which affects how much benefit a child today should expect.","More trials in contemporary populations with recorded fluoride exposure. The two modern trials the review does report point the same way as the old ones on relative effect while showing far lower absolute risk, which is the pattern I would predict and not one that unsettles the recommendation. What would unsettle it is a modern trial finding no benefit. I would also want the harm side filled in: sealants can fail, and a partially lost sealant over a carious lesion is a scenario the trials do not describe.",,,,,,,,,
parts/02-caries/12-fluoride-mouth-rinse.qmd,sec-rinse,Fluoride mouth rinse,"Moderate for supervised school-based use, as DBOH states: a prevented fraction of 27% (95% CI 23% to 30%) for permanent tooth surfaces, from 35 trials in 15,305 children and adolescents. Lower for the advice as given, which is unsupervised daily home use. The review judges its findings may still apply there while saying the effect size is ""less clear""; nobody has put a number on how much less.","Poor on the setting, and both the guideline and the review say so. This is the clearest example in the book of a chapter 13 statement that discloses its own gap, and the review it rests on discloses the same gap in its own abstract. The disclosure is the good practice; the unquantified effect size is what remains.","Yes. Conditional is the right call for evidence that may not transfer from supervised to unsupervised use, aimed at a subgroup rather than everyone. Along with [sec-flossing] and [sec-scale-polish], this is the guideline handling uncertainty properly.","A trial of unsupervised daily home rinsing, with adherence measured rather than assumed, in people at high caries risk, reporting a prevented fraction that could be set beside the 27% from supervised use. Also worth knowing: whether ""at a different time to brushing"" matters, which is the same untested timing claim as [sec-last-thing] wearing different clothes.",,,,,,,,,
parts/02-caries/13-sugar.qmd,sec-sugar,Sugar: how much is too much?,"Moderate that lower free-sugars intake means less dental caries, and for the <10% of energy threshold. Very low for the <5% threshold, as DBOH states. I agree with both ratings, and note that the moderate rating represents a legitimate upgrade of observational evidence rather than a downgrade of trials.","Good on amount, weaker on frequency. The graded evidence concerns how much; the recommendation says how much and how often. The frequency claim is mechanistically strong and separately less well graded.","Yes. This is the clearest Strong recommendation in Part II after fluoride toothpaste. The evidence is consistent, the mechanism is understood, the direction is not in dispute, and the harms of eating less sugar are nil. The drafting point stands: ""amount and frequency"" is two instructions in one line, and the <10% and <5% thresholds carry moderate and very low certainty respectively while appearing in the same guidance.","On the direction, essentially nothing. On the thresholds, an updated review using modern caries diagnostic criteria and better dietary measurement, which would either firm up the 5% figure or retire it. On frequency, a study that separates the number of sugar exposures from the total quantity, which is hard but not impossible with modern dietary monitoring.",,,,,,,,,
parts/02-caries/14-breastfeeding.qmd,sec-breastfeeding,Breastfeeding and decay,"Low that breastfeeding up to 12 months reduces caries: one pooled estimate whose interval nearly touches no effect, with I² of 86.8%. Very low for the increased risk beyond 12 months and for the nocturnal-feeding figure. This matches DBOH's own ratings exactly.","Adequate on population and outcome, poor on the causal claim. These are observational studies in the right children measuring caries, and they cannot separate breastfeeding from the social and dietary factors that travel with it. The review says so.","Yes, for the recommendation. No, for the sentence. The recommendation to breastfeed is correctly Strong, on grounds DBOH states plainly and which lie outside dentistry. That is legitimate borrowing, and demanding otherwise would be both wrong and harmful. But the flat assertion ""Breastfed babies experience less tooth decay"", presented in the advice column with a Strong label, outruns the low-certainty, highly heterogeneous evidence behind it. One word, ""may"", would fix it.","A cohort study following children from birth that measures breastfeeding duration and night-feeding frequency prospectively, alongside sugar intake, toothbrushing and socioeconomic position, with caries at age five. The review identifies precisely this gap. Until someone fills it, the 12-month reversal stays uninterpretable.",,,,,,,,,
parts/02-caries/15-the-quieter-tier.qmd,sec-quieter-tier,The quieter tier,"Supervised brushing: very low. Four trials, no meta-analysis possible, effect sizes unreported, one analysis ignoring clustering. Bedtime sugar: very low. Eighteen studies, mostly cross-sectional, no meta-analysis possible. Sugar-free medicines: no evidence, and none needed.","Reasonable throughout. These reviews are about the interventions the advice describes, in the right people. The problem is quantity and quality of evidence, not relevance, which makes this part of the guideline a cleaner case than most of Part II.","Yes, for all three, and this is the guideline working as designed. Very low certainty gets Conditional. No rateable evidence gets Good practice. Nothing is dressed up. The observation that survives is not a criticism of any single row. It is that the bedtime recommendation, the last-thing-at-night recommendation and the night-feeding caveat all rest on one untested physiological premise about salivary flow, and read as three independent supports when they are one.","For supervised brushing: a cluster trial, correctly analyzed, isolating supervision from toothpaste supply. Given how much public money rests on this intervention, its absence is remarkable. For bedtime sugar: any prospective study measuring timing of intake rather than reconstructing it from a questionnaire.",,,,,,,,,
parts/03-gums/16-manual-or-powered.qmd,sec-powered,Manual or powered?,"Low that powered brushes reduce plaque and gingivitis more than manual ones in ordinary use. Downgraded from the reviews' own ratings for extreme heterogeneity (I² above 88% on every pooled outcome in Wang), surrogate outcomes, impossible blinding and pervasive industry funding. Moderate that powered brushes remove more plaque in a single supervised brushing, which is a much smaller claim. No caries evidence either way. SIGN 138 identified no trials showing powered brushes better than manual for preventing caries in children, and I did not search the adult literature for that outcome.","Adequate. The trials compare the two things the advice offers, in the right people. The weakness is outcome: plaque and gingival indices over weeks, for a choice people make for decades.","Yes, and it is the right shape. A Strong recommendation that either option is acceptable is well supported by evidence showing small, heterogeneous, surrogate-outcome differences. If the evidence were stronger, ""use a manual or powered toothbrush"" would be the wrong recommendation. Because it is weak, it is the right one. I would go further than the guideline in one respect: it is worth saying out loud that the oscillating-rotating subgroup showed no gingivitis benefit at all, since those are the brushes most people buy.","A trial measuring periodontitis progression or tooth loss over five years or more, independently funded. Failing that, an analysis explaining the heterogeneity: with I² above 90%, the interesting question is not the average effect but why the trials disagree so much.",,,,,,,,,
parts/03-gums/17-flossing.qmd,sec-flossing,"Flossing, and what replaced it","Low that flossing added to toothbrushing reduces gingivitis in the short term. Very low that interdental brushes added to toothbrushing do so, from a single 62-person trial, and separately low that interdental brushes may reduce gingivitis more than floss at one and three months. Those are two different comparisons at two different certainties, and an earlier draft ran them together at low. No estimate at all on interproximal caries: of the 35 trials in this review, none measured it.","Good on population and intervention, poor on outcome and duration. The trials are in adults doing the thing the advice describes. But they measure gingival indices and plaque scores over one to six months, and the advice is ultimately aimed at preventing periodontitis and decay over decades.","Yes. Conditional is the right label for low-certainty evidence of an effect of unclear clinical importance, and DBOH says so in those words. The ordering of devices, interdental brushes before floss, follows the head-to-head evidence rather than tradition. This is the third chapter running where the guideline comes out well, and I would rather say so than manufacture a complaint. The criticism in this chapter is directed at my own earlier writing and at the press coverage, not at Delivering Better Oral Health.","A trial long enough to measure interproximal caries, which means two years minimum and realistically longer, with radiographic scoring. No such trial was among the 35 the review found to January 2019, and I have not searched the primary literature published since, so read that as the review's absence rather than a current one. Also useful: a trial recruiting people with gingival inflammation rather than the near-healthy participants who dominate the current literature, since the floor effect plausibly hides a real benefit.",,,,,,,,,
parts/03-gums/18-toothbrush-design.qmd,sec-brush-design,"Bristles, heads, and the two-minute rule","Low for medium-texture bristles: a small review of harm, in which only four studies measured adverse effects as a primary outcome, showing hard is worse and medium indistinguishable from soft. This matches both Ranzan's own GRADE table, which rates the bristle-stiffness evidence low after downgrading for risk of bias and indirectness while noting a dose-response gradient, and DBOH's ""low certainty evidence of gingival lesions when hard bristle brushes were used."" An earlier draft rated it very low, one level below both, without naming a domain that would justify the extra step. I have moved it back. None for head size. None on caries for brushing duration, and no graded duration recommendation in the summary tables.","Partial. Ranzan supports ""not hard"" rather than ""medium"", and its own conclusion favors soft. Head size is uncited. The duration evidence that exists is about plaque, not caries.","Yes. Conditional is right for low certainty evidence about a low-stakes choice, and declining to grade a brushing duration is exactly what the evidence supports. This chapter's correction is aimed at me, not at the guideline. On the two most famous pieces of toothbrush advice, DBOH is more careful than the profession that repeats them and more careful than I was: it declines to grade a duration, and where it does mention two minutes, in chapter 8, it gives coverage rather than caries as the reason.","A trial with adverse effects as the primary outcome comparing soft against medium, which would settle whether DBOH or its own citation has the better of it. On duration, honestly, nothing: the trial is not worth running, and ""cover every surface"" is better advice than any number of seconds.",,,,,,,,,
parts/03-gums/19-scale-and-polish.qmd,sec-scale-polish,"Scale, polish, and being told what to do","High that routine scale and polish makes little or no difference to gingivitis, probing depths or quality of life in adults without severe periodontitis who attend regularly. High that it produces a small reduction in calculus of unclear clinical importance. Absent on adverse effects, tooth loss and attachment level, which no included trial measured.","Excellent, and the advice is correspondingly narrow. DBOH does not recommend routine scaling, and the evidence is why. The recommendation it does make, to correct calculus that is impeding plaque control, is a different and narrower claim which these trials do not address, and which the guideline correctly labels Good practice.","Yes, and this is the guideline at its best. Faced with high-certainty evidence of no benefit, it declines to recommend the intervention. Faced with a narrower clinical judgment it cannot support with research, it says Good practice. Faced with uncertain evidence on oral hygiene instruction, it says Conditional. Three different situations, three different labels, each correct. The gap in this chapter is not in the guideline. It is between the guideline and routine practice.","A trial in adults with periodontitis, or in irregular attenders, either of whom might benefit where the studied population did not; the review's population is explicitly healthy regular attenders. A trial measuring attachment level or tooth loss over longer than three years. Or evidence on the harm side, which is currently unmeasured rather than absent.",,,,,,,,,
parts/04-cancer-wear/20-oral-cancer-screening.qmd,sec-cancer-screening,"Looking for oral cancer, and the tests you are told not to use","Test by test, on the 2021 update rather than the 2015 review DBOH cites. Moderate for oral cytology's accuracy, which is the best-performing adjunct and the one the reviewers say has the most potential. Low to very low for vital staining and light-based detection, whose specificities are 0.68 and 0.50. DBOH's single moderate rating covers all three as a block, which the update no longer supports. None stated for the examination itself or for the referral criteria, and the guideline says so.","Good on test and population, limited on outcome and setting. Right tests, right patients, and accuracy measured against biopsy. But diagnostic accuracy is itself an intermediate outcome: no study here shows that using or not using these devices changes referrals, stage at diagnosis, or survival. The review also judges its applicability to be to patients attending secondary care, while the recommendation is read in general dental practice. Not separately assessed for the Good practice points. Chapter 13 gives them no certainty statement; chapter 6 cites supporting sources I have not appraised.","Yes, and it is still among the guideline's best rows, though not the flawless one I first called it. A Strong recommendation against an intervention, grounded in a diagnostic accuracy review of the right design, in the right population, where the harms of getting it wrong are explicit, is a good piece of guideline writing. Two qualifications survive the update. The certainty is not uniform across the three named tests, and cytology in particular is better supported than the single rating implies. And the review's conclusion is that these tests cannot replace biopsy, which is a narrower claim than not using them at all; the broader recommendation needs the cost and over-referral arguments to carry it, and those are evidence-to-decision judgments the guideline has not published. Good practice is also right for the examination and the referral list, with the gap disclosed.","A study of whether using an adjunct changes anything a patient experiences, rather than how it performs against biopsy: referral rates, stage at diagnosis, survival, or the anxiety cost of a false positive. On the current evidence nobody knows. Further work on cytology specifically, which the reviewers single out, could make the blanket recommendation obsolete rather than wrong. And work on the positive predictive values of oral cancer symptoms in primary care, which NICE identified as missing and which would let the referral criteria be tuned rather than asserted.",,,,,,,,,
parts/04-cancer-wear/21-tobacco.qmd,sec-tobacco,Tobacco: what a strong recommendation looks like,"Mixed, and correctly described by the guideline. Moderate for referral to stop smoking services and for behavioral support combined with pharmacotherapy. Very low for behavioral support delivered by dental professionals on its own. None at all for the asking step, as chapter 13 states in terms. Except for e-cigarettes, where the guideline is out of date rather than wrong. Chapter 13 reports low certainty, quoting a 2016 version of a review that had reached high certainty for nicotine e-cigarettes against nicotine replacement therapy eight months before DBOH published.","Good. The cited evidence is about smoking cessation, in the settings and populations the advice addresses, measuring abstinence at six months or more. That is a patient-important outcome measured directly, which is more than most chapters of this book can say.","Yes, including for the Ask step with no evidence behind it. It meets what GRADE requires of a discordant recommendation: the component is logically necessary to a pathway whose downstream steps are well supported, the burden is a single question, and no plausible harm attaches to it. This is the category that [sec-certainty-strength] said exists and is rare, and here it applies. The criticism that survives is smaller and is about drafting, not judgment: the guideline states that there is no specific evidence and that the step is integral to the pathway, but does not set out why that combination justifies Strong. A reader is asked to accept the conclusion without the reasoning. Conditional for e-cigarettes is also defensible, on residual uncertainty about serious adverse events and long-term use, which is a values judgment the panel is entitled to make. What is not defensible is the certainty statement attached to it, which describes an evidence base that had already been replaced. See [sec-half-life].","For the Ask step, evidence that recording smoking status displaces something more valuable in a short appointment, or that it deters attendance among people who smoke. For the dental-delivered behavioral support, better trials: the review asks specifically for biochemical validation of abstinence rather than self-report, and sixteen of twenty trials at high risk of bias is a literature with a great deal of room to improve. For the e-cigarette row, nothing about the evidence: it is the guideline's description of the evidence that needs changing, not the evidence.",,,,,,,,,
parts/04-cancer-wear/22-alcohol.qmd,sec-alcohol,"Alcohol, AUDIT-C, and the fourteen-unit line","Moderate that brief interventions reduce alcohol consumption in hazardous or harmful drinkers, per DBOH's account of a review I have not read, in settings that are mostly not dental. None stated for the Advise and Act steps. Explicitly paucity for light drinking in pregnancy, and the guideline says so.","Good on intervention and outcome, unassessed on setting. The gap between brief interventions in general and brief interventions in a dental chair is real and undisclosed, which is the one thing this chapter holds against the guideline.","Yes, on the tobacco reasoning. Asking about alcohol costs nothing, harms nobody, and is a necessary entry to advice that works. The pathway structure justifies the label even where individual steps lack their own evidence. The improvement wanted is one clause: name the setting the evidence came from, as the same chapter does for supervised school mouth rinse programs.","A trial of alcohol brief intervention delivered in dental practice, which would close the setting gap. And, for the dental purpose specifically, evidence on whether reducing consumption from hazardous levels reduces oral cancer incidence, which is the outcome the recommendation is ultimately aimed at and which nobody has demonstrated within this evidence base.",,,,,,,,,
parts/04-cancer-wear/23-tooth-wear.qmd,sec-wear,"Erosion, wear, and the thirty-minute rule","None rateable, across all five recommendations, which is what Good practice means and what the guideline states. Two rows point at Royal College of Surgeons guidance, one at the Eatwell Guide, one carries the dual-label note, and one carries nothing.","Not applicable in the usual sense. There is no evidence base to be direct or indirect about. The one exception is the brushing row, whose evidence exists but concerns a different disease, which is precisely why it is labeled Good practice here.","Yes, five times out of five. This is the most consistently honest domain in the guideline. Faced with an area where the research does not exist, it says so repeatedly rather than borrowing authority from adjacent evidence. The finding worth carrying forward is comparative, not critical: near-identical brushing advice is Strong in the caries tables, Good practice here, and Conditional for periodontal disease. That is defensible per-disease reasoning, and the guideline states it plainly in chapter 13. It demonstrates that a strength label cannot be read without knowing which table it came from, which is the whole of [sec-bundling] in one row. My complaint is not that DBOH failed to work this out. It is that the sentence which works it out sits in a chapter almost nobody opens, while the tables people do read show three bare labels and no connection between them.","A cohort study measuring wear with a validated index against recorded dietary acid exposure over ten years or more. And, for the thirty-minute rule specifically, any human study of post-acid brushing delay with a wear outcome rather than an in-situ enamel model.",,,,,,,,,
parts/05-questions/24-fluoridation-does-it-work.qmd,sec-fluoridation-works,Does water fluoridation work?,"Low that initiating community water fluoridation slightly reduces caries in children's baby teeth in contemporary populations. Very low for permanent teeth in contemporary populations, for the effect of cessation, and for all pre-1975 estimates. No evidence in adults.","Good on the intervention, poor on population coverage. These are studies of communities receiving fluoridated water, which is the intervention. But no study reports adult outcomes, and only one addresses the socioeconomic disparity question that is fluoridation's main policy justification.","Not applicable, and that is itself worth noting. Water fluoridation is not among the {{< var dboh.total >}} recommendations in Delivering Better Oral Health's summary tables; it is policy set elsewhere, and the guideline discusses it in its fluoride chapter rather than recommending it to clinicians. So this chapter audits a policy rather than a recommendation. My conclusion is that the contemporary evidence supports a small benefit at low certainty, which is a considerably weaker basis than the public debate on either side assumes.","More contemporary studies, particularly any reporting adults, and any reporting outcomes by socioeconomic position. Two studies is a thin basis for a national policy in either direction. A well-conducted study of a cessation event, of which several have occurred, would be more informative than anything else available and would be relatively cheap to do.",,,,,,,,,
parts/05-questions/25-fluoridation-is-it-harmful.qmd,sec-fluoridation-harm,Is water fluoridation harmful?,"Fluorosis: low, and not updated since 2015. Approximately 12% of aesthetic concern at 0.7 ppm. Neurodevelopment above fluoridation levels: an association reported across 74 observational studies, robust to restricting to low risk-of-bias studies. Neurodevelopment at fluoridation levels: very low and genuinely unresolved. Water-measured fluoride below 1.5 mg/L gives β 0.05 (−0.36 to 0.45) across all studies but β −0.32 (−0.91 to 0.26) in the low risk-of-bias subset, on three studies; urine-measured fluoride below 1.5 mg/L remains inverse. The NTP monograph declines to address 0.7 mg/L fluoridation and IQ at all. Skeletal harms: very low, five studies, uncertain.","Poor, and this is the central difficulty. Most of the neurodevelopmental evidence comes from regions of naturally high fluoride, at concentrations above those any Western scheme uses. Applying it to 1 mg/L schemes is exactly the indirectness this book objects to elsewhere, and I decline to do it.","Not applicable: this is a policy question rather than a DBOH recommendation. My position is that the current evidence does not support stopping fluoridation on neurodevelopmental grounds, does support taking the question seriously enough to fund proper prospective research in fluoridated populations, and that the benefit-versus-fluorosis trade-off is closer than public debate usually allows.","A prospective cohort in a fluoridated Western population, with individual urinary fluoride measured repeatedly through pregnancy and childhood, adjusting for lead, iodine and socioeconomic position, with a standardized cognitive outcome. That study would resolve the water-versus-urine discrepancy, and it is the study this field needs. Conversely, an explanation of that discrepancy showing the urinary finding to be confounded would move me the other way.",,,,,,,,,
parts/05-questions/26-filling-childrens-teeth.qmd,sec-fiction,Should children's baby teeth be filled?,"Moderate that no difference was detected between conventional filling, biological sealing-in and a prevention-first strategy for dental pain and/or infection, in children at high caries risk with established disease, over a median 33.8 months. One large well-conducted randomized trial, downgraded for the unavoidable lack of blinding with a subjective primary outcome. Stated that way on purpose. An earlier draft said the three approaches ""produce similar rates,"" which converts a failure to show superiority into a demonstration of equivalence. No equivalence margin was set, and the interval for prevention alone against filling still admits a 12 percentage point excess. The trial's own report says it plainly: ""'no evidence of a difference' does not mean that there was no difference, or that the three treatment approaches were equivalent.""","Excellent. Right children, right teeth, delivered in ordinary general dental practice rather than a university clinic, with pain and infection as the primary outcomes rather than a surrogate. This is what the trials in Part II should have looked like.","Not applicable; DBOH makes no recommendation here. My conclusion is that the evidence does not support a confident default in favor of conventional filling, and does support a genuine discussion with parents about the options.","Longer follow-up. Three years takes a five-year-old to eight, and some primary molars are retained until eleven or twelve. A difference could emerge later. Also: the trial reports pain and infection, but a child's experience of repeated treatment visits, and of a general anaesthetic if things go badly, is part of the comparison and needs the qualitative and economic work to be read alongside the effect estimates.",,,,,,,,,
parts/05-questions/28-six-month-checkup.qmd,sec-recall,Do you need a check-up every six months?,"High that, for adults who attend regularly, risk-based recall produces no important difference from 6-month recall in caries, gingival bleeding or oral-health-related quality of life over four years (n ≈ 1,500). Moderate for the 24-month comparison, which rests on 271 participants their own dentist had already judged suitable for a two-year interval. Very low for children, from one small study. DBOH rates the adult row moderate. For the risk-based comparison in regular attenders I would say high; for the population as a whole, where the trial is silent, DBOH's caution is defensible.","Excellent for the six-month question, poor for the risk-based question. The trial compared exactly the intervals people argue about, with patient-relevant outcomes, over four years, in general practice. What it cannot tell you is how to assign an individual to a point on a 3-to-24 month range, which is what the recommendation actually asks clinicians to do.","Conditional is right, and the certainty rating is defensible but blunt. This is the one place in the book where my complaint runs the other way: not that a label overstates its evidence, but that a single moderate is asked to cover a population in which the evidence is high for one part and absent for another. The remedy is the same as everywhere else in this book, which is to say which part the rating belongs to. What I would still press on is the effect downstream. Nothing in the tables a patient or a practice ever sees records that six-monthly recall has been tested against risk-based recall in a four-year randomized trial and found to make no important difference for regular attenders. That is a strong, reassuring, publicly useful finding, and it is not reaching anyone.","Evidence that four years is too short and differences emerge later. Evidence in irregular attenders or high-risk groups, where I would expect the answer to reverse. And any trial actually testing risk-based assignment tools against each other, which would address the question DBOH's rating seems to be about.",,,,,,,,,
