n,citation,url
1,WHO Global Strategy for Infant and young child feeding 2003,https://www.who.int/publications/i/item/9241562218
2,Scientific Advisory Committee on Nutrition ( SACN ). Feeding in the first year of life . 2018,https://www.gov.uk/government/publications/feeding-in-the-first-year-of-life-sacn-report
3,"Tham R, Bowatte G, Dharmage SC, Tan DJ, Lau MX, Dai X and others. Breastfeeding and the risk of dental caries: a systematic review and meta-analysis . Acta Paediatrica 2015 Dec;104(467):62-84",https://www.ncbi.nlm.nih.gov/pubmed/26206663
4,"Walsh T, Worthington HV, Glenny AM, Marinho VC, Jeroncic A. Fluoride toothpastes of different concentrations for preventing dental caries . Cochrane Database of Systematic Reviews 2019; (3)",https://www.cochranelibrary.com/cdsr/doi/10.1002/14651858.CD007868.pub3/full
5,SIGN Guidelines 138. Dental interventions to prevent caries in children . 2014,https://www.scottishdental.org/library/dental-interventions-to-prevent-caries-in-children-sign-138/
6,"Wong MCM, Glenny A-M, Tsang BWK, Lo ECM, Worthington HV, Marinho VCC. Topical fluoride as a cause of dental fluorosis in children . Cochrane Database of Systematic Reviews 2010; (1)",https://www.cochranelibrary.com/cdsr/doi/10.1002/14651858.CD007693.pub2/full
7,"Moynihan PJ, Kelly SA. Effect on caries of restricting sugars intake: systematic review to inform WHO guidelines . Journal of Dental Research 2014 Jan;93(1):8-18. doi: 10.1177/0022034513508954. Epub 2013 Dec 9. PMID: 24323509; PMCID: PMC3872848",https://journals.sagepub.com/doi/abs/10.1177/0022034513508954
8,WHO Sugar Recommendations,https://www.who.int/publications/i/item/9789241549028
9,Scientific Advisory Committee on Nutrition ( SACN ). Carbohydrates and health . 2015,https://www.gov.uk/government/publications/sacn-carbohydrates-and-health-report
10,"Baghlaf K, Muirhead V, Moynihan P, Weston-Price S, Pine C. Free sugars consumption around bedtime and dental caries in children: a systematic review . Journal of Dental Research Clinical and Translational Research 2018 Apr;3(2):118-129. doi: 10.1177/2380084417749215",https://pubmed.ncbi.nlm.nih.gov/30931774/
11,"Fee PA, Riley P, Worthington HV, Clarkson JE, Boyers D, Beirne PV. Recall intervals for oral health in primary care patients . Cochrane Database of Systematic Reviews 2020; (10)",https://www.cochranelibrary.com/cdsr/doi/10.1002/14651858.CD004346.pub5/full
12,NICE (CG 19) Dental checks: intervals between dental health reviews . 2004,https://www.nice.org.uk/guidance/cg19
13,"Marinho VCC, Worthington HV, Walsh T, Clarkson JE. Fluoride varnishes for preventing dental caries in children and adolescents . Cochrane Database of Systematic Reviews 2013; (7)",https://www.cochranelibrary.com/cdsr/doi/10.1002/14651858.CD002279.pub2/full
14,Public Health England. Eatwell Guide . 2016,https://www.gov.uk/government/publications/the-eatwell-guide
15,"Dos Santos, APP, de Oliveira, BH, Nadanovsky, P. A systematic review of the effects of supervised toothbrushing on caries incidence in children and adolescents . International Journal of Paediatric Dentistry 2018;28,3-11",https://www.ncbi.nlm.nih.gov/pubmed/28940755
16,"Marinho VCC, Chong LY, Worthington HV, Walsh T. [Fluoride mouthrinses for preventing dental caries in children and adolescents] (https://www.cochranelibrary.com/cdsr/doi/10.1002/14651858.CD002284.pub2/full). Cochrane Database of Systematic Reviews 2016; (7)",
17,"Ahovuo‐Saloranta A, Forss H, Walsh T, Nordblad A, Mäkelä M, Worthington HV. Pit and fissure sealants for preventing dental decay in permanent teeth . Cochrane Database of Systematic Reviews 2017; (7)",https://www.cochranelibrary.com/cdsr/doi/10.1002/14651858.CD001830.pub5/full
18,SDCEP Dental Clinical Guidance. Prevention and management of dental caries in children . 2018,https://www.sdcep.org.uk/published-guidance/caries-in-children/
19,"Wierichs RJ, Meyer-Lueckel H. Systematic review on noninvasive treatment of root caries lesions . Journal of Dental Research 2015 Feb;94(2):261-71",https://www.ncbi.nlm.nih.gov/pubmed/25398366
20,"Waldron C, Nunn J, Mac Giolla Phadraig C, Comiskey C, Guerin S, van Harten MT and others. Oral hygiene interventions for people with intellectual disabilities . Cochrane Database of Systematic Reviews 2019; (5)",https://www.cochranelibrary.com/cdsr/doi/10.1002/14651858.CD012628.pub2/full?cookiesEnabled
21,"Weyant RJ, Tracy SL, Anselmo TT, Beltrán-Aguilar ED, Donly KJ, Frese WA and others. American Dental Association Council on Scientific Affairs Expert Panel on topical fluoride caries preventive agents. Topical fluoride for caries prevention: executive summary of the updated clinical recommendations and supporting systematic review . Journal of American Dental Association 2013 Nov;144(11):1279-91. Review. Erratum in: Journal of American Dental Association 2013 Dec;144(12):1335. Dosage error in article text. PubMed PMID: 24177407; PubMed Central PMCID: PMC4581720",https://www.ncbi.nlm.nih.gov/pubmed/24177407
22,"Wang P, Xu Y, Zhang J, Chen X, Liang W, Liu X, Xian J, Xie H. Comparison of the effectiveness between power toothbrushes and manual toothbrushes for oral health: a systematic review and meta-analysis . Acta Odontologica Scandinavica. 2020;78(4):265-274. doi: 10.1080/00016357.2019.1697826",https://pubmed.ncbi.nlm.nih.gov/32285744/
23,"Elkerbout TA, Slot DE, Rosema NAM, Van der Weijden GA. How effective is a powered toothbrush as compared to a manual toothbrush? A systematic review and meta-analysis of single brushing exercises . International Journal of Dental Hygiene. 2020;18(1):17-26. doi: 10.1111/idh.12401",https://pubmed.ncbi.nlm.nih.gov/31050195/
24,"West N, Chapple I, Claydon N, D’Aiuto F, Donos N, Ide M and others. British Society of Periodontology and Implant Dentistry Guideline Group Participants. BSP implementation of European S3 – level evidence-based treatment guidelines for stage I-III periodontitis in UK clinical practice . Journal of Dentistry 2021 March;106:103562. doi: 10.1016/j.jdent.2020.103562",https://pubmed.ncbi.nlm.nih.gov/33573801/
25,Scottish Dental Clinical Effectiveness Programme. Prevention and treatment of periodontal diseases in primary care dental clinical guidance 2024,https://www.sdcep.org.uk/published-guidance/periodontal-care/
26,"Needleman I, Nibali L, Di Iorio A. Professional mechanical plaque removal for prevention of periodontal diseases in adults – systematic review update . Journal of Clinical Periodontology 2015; 42(Supplement 16):S12–S35. doi: 10.1111/jcpe.12341",https://pubmed.ncbi.nlm.nih.gov/25495962/
27,"Lamont T, Worthington HV, Clarkson JE, Beirne PV. Routine scale and polish for periodontal health in adults . Cochrane Database of Systematic Reviews 2018; (12). doi: 10.1002/14651858.CD004625.pub5",https://www.cochranelibrary.com/cdsr/doi/10.1002/14651858.CD004625.pub5/full
28,"Zimmerman H, Zimmerman N, Hagenfeld D, Veile A. Is frequency of toothbrushing a risk factor for periodontitis? A systematic review and meta-analysis . Community Dentistry and Oral Epidemiology 2014;43(2). doi: 10.1111/cdoe.12126",https://pubmed.ncbi.nlm.nih.gov/25255820/
29,"Ranzan N, Muniz F, Rosing CK. Are bristle stiffness and bristle end-shape related to adverse effects on soft tissues during toothbrushing? A systematic review . International Dental Journal 2019;69(3):171-82",https://pubmed.ncbi.nlm.nih.gov/30152076/
30,"Soldani FA, Lamont T, Jones K, Young L, Walsh T, Lala R, Clarkson JE. One-to-one oral hygiene advice provided in a dental setting for oral health . Cochrane Database of Systematic Reviews 2018; (10)",https://www.cochranelibrary.com/cdsr/doi/10.1002/14651858.CD007447.pub2/full
31,"Newton TJ, Asimakopoulou K. Managing oral hygiene as a risk factor for periodontal disease: a systematic review of psychological approaches to behaviour change for improved plaque control in periodontal management . Journal of Clinical Periodontology. 2015;42(Supplement 16):S36–S46. doi: 10.1111/jcpe.12356",https://pubmed.ncbi.nlm.nih.gov/25639708/
32,"Worthington HW, MacDonald L, Poklepovic Pericic T, Sambunjak D, Johnson TM, Imai P and others. Home use of interdental cleaning devices, in addition to toothbrushing, for preventing and controlling periodontal diseases and dental caries . Cochrane Database of Systematic Reviews 2019; (4). doi: 10.1002/14651858.CD012018.pub2",https://www.cochranelibrary.com/cdsr/doi/10.1002/14651858.CD012018.pub2/full
33,European Federation of Periodontology. Guidelines for Effective Prevention of Periodontal Diseases . 2014,https://www.efp.org/news-events/perio-workshop/past-workshops/perio-workshop-2014/
34,"Checchi V, Racca F, Bencivenni D, Lo Bianco L. Role of dental implant homecare in mucositis and peri-implantitis prevention: a literature overview . Open Dentistry Journal 2019;13:470-477. doi:10.2174/1874210601913010470",https://www.researchgate.net/publication/338601948_Role_of_Dental_Implant_Homecare_in_Mucositis_and_Peri-implantitis_Prevention_A_Literature_Overview
35,"Lin CY, Chen Z, Pan W-L, Wang H-L. The effect of supportive care in preventing peri-implant diseases and implant loss: a systematic review and meta-analysis . Clinical Oral Implants Research 2019;30(8):714-724. doi: 10.1111/clr.13496",https://pubmed.ncbi.nlm.nih.gov/31231883/
36,"Ramseier CA, Woelber JP, Kitzmann J, Detzen L, Carra MC, Bouchard P. Impact of risk factor control interventions for smoking cessation and promotion of healthy lifestyles in patients with periodontitis: A systematic review . Journal of Clinical Periodontology 2020, January 7;47(Suppl 22):90-106. doi: 10.1111/jcpe.13240. Online ahead of print",https://pubmed.ncbi.nlm.nih.gov/31912512/
37,"Nascimento GG, Leite FRM, Vestergaard P, Scheutz F, López R. Does diabetes increase the risk of periodontitis? A systematic review and meta-regression analysis of longitudinal prospective studies . Acta Diabetologica Epub 2018 March 3;55(7):653-667. DOI: 10.1007/s00592-018-1120-4",https://pubmed.ncbi.nlm.nih.gov/29502214/
38,"Baeza M, Morales A, Cisterna C, Cavalla F, Gisela Jara G, Isamitt Y and others. Effect of periodontal treatment in patients with periodontitis and diabetes: systematic review and meta-analysis . Journal of Applied Oral Sciences 2020 January 10;28:e20190248. doi: 10.1590/1678-7757-2019-0248",https://pubmed.ncbi.nlm.nih.gov/31939522/
39,"Siddiqi A, Zafar S, Sharma A, Quaranta A. Diabetic patients’ knowledge of the bidirectional link: are dental health care professionals effectively conveying the message? Australian Dental Journal. 2019;64(4);312-326. doi.org/10.1111/adj.12721",https://onlinelibrary.wiley.com/doi/abs/10.1111/adj.12721
40,"Holliday R, Hong B, McColl E, Livingstone-Banks J, Preshaw PM. Interventions for tobacco cessation delivered by dental professionals . Cochrane Database of Systematic Reviews 2021; (2). doi: 10.1002/14651858.CD005084.pub4",https://www.cochranelibrary.com/cdsr/doi/10.1002/14651858.CD005084.pub4/full
41,"Aveyard P, Begh R, Parsons A, West R. Brief opportunistic smoking cessation interventions: a systematic review and meta-analysis to compare advice to quit and offer of assistance . Addiction 2012 June;107(6):1066-73",https://onlinelibrary.wiley.com/doi/full/10.1111/j.1360-0443.2011.03770.x
42,"Stead LF, Koilpillai P, Fanshawe TR, Lancaster T. Combined pharmacotherapy and behavioural interventions for smoking cessation . Cochrane Database of Systematic Reviews 2016; (3). doi: 10.1002/14651858.CD008286.pub3",https://www.cochranelibrary.com/cdsr/doi/10.1002/14651858.CD008286.pub3/full
43,"Cahill K, Stevens S, Perera R, Lancaster T. Pharmacological interventions for smoking cessation: an overview and network meta‐analysis . Cochrane Database of Systematic Reviews 2013; (5). doi: 10.1002/14651858.CD009329.pub2",https://www.cochranelibrary.com/cdsr/doi/10.1002/14651858.CD009329.pub2/full
44,"Cahill K, Lindson‐Hawley N, Thomas KH, Fanshawe TR, Lancaster T. Nicotine receptor partial agonists for smoking cessation . Cochrane Database of Systematic Reviews 2016; (5). doi: 10.1002/14651858.CD006103.pub7",https://www.cochranelibrary.com/cdsr/doi/10.1002/14651858.CD006103.pub7/full
45,"Lindson N, Chepkin SC, Ye W, Fanshawe TR, Bullen C, Hartmann‐Boyce J. Different doses, durations and modes of delivery of nicotine replacement therapy for smoking cessation . Cochrane Database of Systematic Reviews 2019; (4). doi: 10.1002/14651858.CD013308",https://www.cochranelibrary.com/cdsr/doi/10.1002/14651858.CD013308/full
46,"Lindson‐Hawley N, Hartmann‐Boyce J, Fanshawe TR, Begh R, Farley A, Lancaster T. Interventions to reduce harm from continued tobacco use . Cochrane Database of Systematic Reviews 2016; (10). doi: 10.1002/14651858.CD005231.pub3",https://www.cochranelibrary.com/cdsr/doi/10.1002/14651858.CD005231.pub3/full
47,NICE . Stop smoking services . 2008 [updated 2018],https://www.nice.org.uk/guidance/ng92
48,"Hartmann‐Boyce J, McRobbie H, Bullen C, Begh R, Stead LF, Hajek P. Electronic cigarettes for smoking cessation . Cochrane Database of Systematic Reviews 2016; (9). doi: 10.1002/14651858.CD010216.pub3",https://www.cochranelibrary.com/cdsr/doi/10.1002/14651858.CD010216.pub3/full
49,NICE 2012. Smokeless tobacco: South Asian communities . Public Health Guideline [PH39],https://www.nice.org.uk/guidance/ph39
50,"Kaner EFS, Beyer FR, Muirhead C, Campbell F, Pienaar ED, Bertholet N and others. Effectiveness of brief alcohol interventions in primary care populations . Cochrane Database of Systematic Reviews 2018; (2). doi: 10.1002/14651858.CD004148.pub4",https://www.cochranelibrary.com/cdsr/doi/10.1002/14651858.CD004148.pub4/full
51,"Mamluk L, Edwards HB, Savović J, Leach V, Jones T, Moore THM and others. Low alcohol consumption and pregnancy and childhood outcomes: time to change guidelines indicating apparently ‘safe’ levels of alcohol during pregnancy? A systematic review and meta-analyses British Medical Journal Open 2017;7:e015410. doi: 10.1136/bmjopen-2016-015410",https://bmjopen.bmj.com/content/7/7/e015410
52,Department of Health and Social Care. UK Chief Medical Officers’ low risk drinking guidelines . 2016,https://www.gov.uk/government/publications/alcohol-consumption-advice-on-low-risk-drinking
53,"Aune D, Giovannucci E, Boffetta P, Fadnes LT, Keum N, Norat T and others. Fruit and vegetable intake and the risk of cardiovascular disease, total cancer and all-cause mortality—a systematic review and dose-response meta-analysis of prospective studies . International Journal of Epidemiology June 2017;46 (3);1029–1056",https://pubmed.ncbi.nlm.nih.gov/28338764/
54,"Macey R, Walsh T, Brocklehurst P, Kerr AR, Liu JLY, Lingen MW and others. Diagnostic tests for oral cancer and potentially malignant disorders in patients presenting with clinically evident lesions . Cochrane Database of Systematic Reviews 2015; (5). doi: 10.1002/14651858.CD010276.pub2",https://www.cochranelibrary.com/cdsr/doi/10.1002/14651858.CD010276.pub2/full
55,NICE . Suspected cancer: recognition and referral (NG12) . 2015 [updated July 2025],https://www.nice.org.uk/guidance/ng12
56,NHS Scotland. Scottish referral guidelines for suspected cancer . 2019,https://www.cancerreferral.scot.nhs.uk/
57,Public Health England. Eatwell Guide . 2016,https://www.gov.uk/government/publications/the-eatwell-guide
58,Royal College of Surgeons Faculty of Dental Surgery. Clinical guidelines for dental erosion . 2013,https://www.rcseng.ac.uk/dental-faculties/fds/publications-guidelines/clinical-guidelines/
